Reviewed For different PR Authors,Total PRs Reviewed by ojeytonwilliams since 2026-02-01,Total Code Review Comments,Total PR Issue Comments,Total PR Review Comments,Total All Comments Made,PR# List
Sembauke,17,9,1,8,18,"[65729, 65849, 65869, 66026, 66093, 66326, 66330, 66368, 66524, 66752, 67140, 67505, 67638, 68061, 68369, 68390, 69387]"
ShaunSHamilton,3,5,1,1,7,"[65675, 67687, 69267]"
majestic-owl448,7,1,3,1,5,"[66494, 66542, 67016, 67444, 68842, 68856, 68862]"
moT01,10,21,0,3,24,"[65687, 65864, 66202, 66313, 66511, 67117, 67227, 67606, 68177, 68425]"
Nithin0620,1,1,0,1,2,[67422]
AyushK5ingh,1,1,0,1,2,[67039]
raisedadead,6,1,0,0,1,"[65960, 65962, 65974, 66135, 66626, 66869]"
DanielRosa74,2,0,1,0,1,"[65936, 66823]"
ragini-pandey,1,0,0,0,0,[66625]
Jeevankumar-s,2,0,4,1,5,"[66297, 66363]"
huyenltnguyen,4,1,0,0,1,"[65727, 66243, 66356, 66362]"
nieldakarla,1,0,0,0,0,[66120]
ahmaxed,2,9,3,2,14,"[65710, 65785]"
