PR#,Review Time,Review Time (mins),Code Review Comments,PR Issue Comments,PR Review Comments,Total Comments,PR Ready On,PR Merged On,Ready->Merge,PR Author,PR URL
48290,0s,0,0,0,0,0,2022-10-28T12:24:58Z,2022-10-28T13:03:09Z,38m 11s,camperbot,https://github.com/freeCodeCamp/freeCodeCamp/pull/48290
48288,0s,0,0,0,0,0,2022-10-28T12:11:58Z,2022-10-28T12:43:55Z,31m 57s,camperbot,https://github.com/freeCodeCamp/freeCodeCamp/pull/48288
48254,3h 36m,216,0,2,0,2,2022-10-25T18:55:53Z,2022-10-27T08:28:53Z,1d 13h 33m,jctello,https://github.com/freeCodeCamp/freeCodeCamp/pull/48254
48204,0s,0,0,0,0,0,2022-10-22T13:00:10Z,2022-10-22T14:04:22Z,1h 4m 12s,AndrewDawes,https://github.com/freeCodeCamp/freeCodeCamp/pull/48204
48196,0s,0,2,0,2,4,2022-10-22T08:37:47Z,2022-10-23T08:55:59Z,1d 0h 18m 12s,HatimZ,https://github.com/freeCodeCamp/freeCodeCamp/pull/48196
48191,0s,0,1,0,1,2,2022-10-22T06:42:53Z,2022-10-24T09:06:51Z,2d 2h 23m 58s,Sboonny,https://github.com/freeCodeCamp/freeCodeCamp/pull/48191
48111,1h 15m 24s,75,0,0,0,0,2022-10-18T13:05:36Z,2022-10-18T14:21:01Z,1h 15m 25s,camperbot,https://github.com/freeCodeCamp/freeCodeCamp/pull/48111
48110,44m,44,0,0,0,0,2022-10-18T12:25:12Z,2022-10-18T14:26:44Z,2h 1m 32s,camperbot,https://github.com/freeCodeCamp/freeCodeCamp/pull/48110
48109,44m,44,0,0,0,0,2022-10-18T12:12:02Z,2022-10-18T14:02:24Z,1h 50m 22s,camperbot,https://github.com/freeCodeCamp/freeCodeCamp/pull/48109
48104,57m 42s,57,0,0,0,0,2022-10-17T18:11:22Z,2022-10-18T00:43:15Z,6h 31m 53s,ShaunSHamilton,https://github.com/freeCodeCamp/freeCodeCamp/pull/48104
48100,2h 8m 53s,128,0,0,0,0,2022-10-17T13:13:10Z,2022-10-17T15:44:36Z,2h 31m 26s,WizardLemon,https://github.com/freeCodeCamp/freeCodeCamp/pull/48100
48000,0s,0,0,0,0,0,2022-10-12T12:24:41Z,2022-10-12T13:17:08Z,52m 27s,camperbot,https://github.com/freeCodeCamp/freeCodeCamp/pull/48000
47999,0s,0,0,0,0,0,2022-10-12T12:12:38Z,2022-10-12T13:17:31Z,1h 4m 53s,camperbot,https://github.com/freeCodeCamp/freeCodeCamp/pull/47999
47970,2h 20m,140,0,0,0,0,2022-10-11T06:38:14Z,2022-10-11T15:20:44Z,8h 42m 30s,DerrykBoyd,https://github.com/freeCodeCamp/freeCodeCamp/pull/47970
47961,4h 12m,252,0,0,0,0,2022-10-10T12:12:58Z,2022-10-10T17:12:18Z,4h 59m 20s,camperbot,https://github.com/freeCodeCamp/freeCodeCamp/pull/47961
47899,2h 45m 59s,165,0,0,0,0,2022-10-07T13:02:40Z,2022-10-07T15:48:40Z,2h 46m,camperbot,https://github.com/freeCodeCamp/freeCodeCamp/pull/47899
47898,0s,0,0,0,0,0,2022-10-07T12:40:53Z,2022-10-07T12:58:10Z,17m 17s,ojeytonwilliams,https://github.com/freeCodeCamp/freeCodeCamp/pull/47898
47896,2h 49m,169,0,0,0,0,2022-10-07T12:11:41Z,2022-10-07T15:49:14Z,3h 37m 33s,camperbot,https://github.com/freeCodeCamp/freeCodeCamp/pull/47896
47883,2h 25m,145,0,0,0,0,2022-10-07T06:19:49Z,2022-10-11T15:25:56Z,4d 9h 6m 7s,sadikkuzu,https://github.com/freeCodeCamp/freeCodeCamp/pull/47883
47869,1h 3m 45s,63,0,0,0,0,2022-10-06T13:07:05Z,2022-10-06T14:49:27Z,1h 42m 22s,camperbot,https://github.com/freeCodeCamp/freeCodeCamp/pull/47869
47868,1h 14m,74,0,0,0,0,2022-10-06T12:25:18Z,2022-10-06T14:49:48Z,2h 24m 30s,camperbot,https://github.com/freeCodeCamp/freeCodeCamp/pull/47868
47853,7h,420,0,3,0,3,2022-10-05T14:38:36Z,2022-10-06T10:37:54Z,19h 59m 18s,k-rajat19,https://github.com/freeCodeCamp/freeCodeCamp/pull/47853
47841,1h 49m 7s,109,1,0,1,2,2022-10-04T23:30:56Z,2022-10-11T18:02:48Z,6d 18h 31m 52s,alekzandriia,https://github.com/freeCodeCamp/freeCodeCamp/pull/47841
47821,1h 51m 21s,111,0,0,0,0,2022-10-04T13:04:26Z,2022-10-04T17:35:37Z,4h 31m 11s,camperbot,https://github.com/freeCodeCamp/freeCodeCamp/pull/47821
47820,2h 14m,134,0,0,0,0,2022-10-04T12:12:15Z,2022-10-04T17:36:08Z,5h 23m 53s,camperbot,https://github.com/freeCodeCamp/freeCodeCamp/pull/47820
47818,0s,0,0,1,0,1,2022-10-04T10:11:33Z,2022-10-05T11:06:02Z,1d 0h 54m 29s,JoseDeFreitas,https://github.com/freeCodeCamp/freeCodeCamp/pull/47818
47759,4d 8h,6240,3,0,2,5,2022-10-01T17:00:47Z,2022-10-20T12:40:22Z,18d 19h 39m 35s,nayabatir1,https://github.com/freeCodeCamp/freeCodeCamp/pull/47759
47739,10h 46m,646,2,1,1,4,2022-10-01T10:50:31Z,2022-10-05T15:47:42Z,4d 4h 57m 11s,Weredime,https://github.com/freeCodeCamp/freeCodeCamp/pull/47739
47705,0s,0,0,0,0,0,2022-10-01T03:05:45Z,2022-10-01T08:55:32Z,5h 49m 47s,prajwal-144,https://github.com/freeCodeCamp/freeCodeCamp/pull/47705
47694,0s,0,0,0,0,0,2022-09-30T23:23:32Z,2022-10-01T09:17:11Z,9h 53m 39s,adripo,https://github.com/freeCodeCamp/freeCodeCamp/pull/47694
47692,0s,0,0,0,0,0,2022-09-30T22:59:35Z,2022-10-01T09:16:18Z,10h 16m 43s,panoreak,https://github.com/freeCodeCamp/freeCodeCamp/pull/47692
47679,2h 22m 35s,142,0,0,0,0,2022-09-30T17:13:56Z,2022-10-01T05:05:55Z,11h 51m 59s,sidemt,https://github.com/freeCodeCamp/freeCodeCamp/pull/47679
47678,1h 8m 4s,68,0,0,0,0,2022-09-30T13:03:06Z,2022-09-30T18:48:19Z,5h 45m 13s,camperbot,https://github.com/freeCodeCamp/freeCodeCamp/pull/47678
47676,1h 12m,72,0,0,0,0,2022-09-30T12:11:51Z,2022-09-30T18:49:10Z,6h 37m 19s,camperbot,https://github.com/freeCodeCamp/freeCodeCamp/pull/47676
47657,2h 25m 17s,145,0,0,0,0,2022-09-29T13:01:44Z,2022-09-29T17:24:44Z,4h 23m,camperbot,https://github.com/freeCodeCamp/freeCodeCamp/pull/47657
47651,9h 15m,555,0,0,0,0,2022-09-28T15:54:01Z,2022-09-29T18:48:38Z,1d 2h 54m 37s,jeremylt,https://github.com/freeCodeCamp/freeCodeCamp/pull/47651
47648,5m 20s,5,0,0,0,0,2022-09-28T13:05:37Z,2022-09-28T14:09:48Z,1h 4m 11s,camperbot,https://github.com/freeCodeCamp/freeCodeCamp/pull/47648
47647,17m,17,0,0,0,0,2022-09-28T12:11:57Z,2022-09-28T14:10:07Z,1h 58m 10s,camperbot,https://github.com/freeCodeCamp/freeCodeCamp/pull/47647
47643,6m 39s,6,0,0,0,0,2022-09-27T15:48:50Z,2022-09-27T16:13:27Z,24m 37s,QuincyLarson,https://github.com/freeCodeCamp/freeCodeCamp/pull/47643
47641,8h,480,0,0,0,0,2022-09-27T13:05:21Z,2022-09-28T08:52:29Z,19h 47m 8s,camperbot,https://github.com/freeCodeCamp/freeCodeCamp/pull/47641
47639,0s,0,0,0,0,0,2022-09-27T12:11:41Z,2022-09-28T08:51:17Z,20h 39m 36s,camperbot,https://github.com/freeCodeCamp/freeCodeCamp/pull/47639
47624,8h,480,0,0,0,0,2022-09-26T13:05:20Z,2022-09-27T08:30:30Z,19h 25m 10s,camperbot,https://github.com/freeCodeCamp/freeCodeCamp/pull/47624
47623,1h 34m,94,0,0,0,0,2022-09-26T12:12:01Z,2022-09-27T07:18:04Z,19h 6m 3s,camperbot,https://github.com/freeCodeCamp/freeCodeCamp/pull/47623
47599,17m,17,0,0,0,0,2022-09-23T12:11:21Z,2022-09-23T20:08:51Z,7h 57m 30s,camperbot,https://github.com/freeCodeCamp/freeCodeCamp/pull/47599
47592,5h 12m,312,0,0,0,0,2022-09-22T12:59:46Z,2022-09-22T18:12:19Z,5h 12m 33s,camperbot,https://github.com/freeCodeCamp/freeCodeCamp/pull/47592
47591,5h 11m,311,0,0,0,0,2022-09-22T12:24:41Z,2022-09-22T18:11:23Z,5h 46m 42s,camperbot,https://github.com/freeCodeCamp/freeCodeCamp/pull/47591
47589,5h 9m,309,0,0,0,0,2022-09-22T12:11:23Z,2022-09-22T18:09:06Z,5h 57m 43s,camperbot,https://github.com/freeCodeCamp/freeCodeCamp/pull/47589
47582,1h 19m 55s,79,0,0,0,0,2022-09-21T13:00:53Z,2022-09-21T14:20:49Z,1h 19m 56s,camperbot,https://github.com/freeCodeCamp/freeCodeCamp/pull/47582
47581,1h 17m,77,0,0,0,0,2022-09-21T12:24:51Z,2022-09-21T16:21:39Z,3h 56m 48s,camperbot,https://github.com/freeCodeCamp/freeCodeCamp/pull/47581
47580,1h 16m,76,0,0,0,0,2022-09-21T12:11:18Z,2022-09-21T14:16:14Z,2h 4m 56s,camperbot,https://github.com/freeCodeCamp/freeCodeCamp/pull/47580
47570,1h 35m 16s,95,0,0,0,0,2022-09-20T13:00:47Z,2022-09-20T14:44:39Z,1h 43m 52s,camperbot,https://github.com/freeCodeCamp/freeCodeCamp/pull/47570
47565,2h 2m 28s,122,0,1,0,1,2022-09-19T17:21:10Z,2022-09-20T12:57:34Z,19h 36m 24s,naomi-lgbt,https://github.com/freeCodeCamp/freeCodeCamp/pull/47565
47559,1h 43m 12s,103,0,0,0,0,2022-09-19T13:06:36Z,2022-09-20T05:43:19Z,16h 36m 43s,camperbot,https://github.com/freeCodeCamp/freeCodeCamp/pull/47559
47558,1h 50m,110,0,0,0,0,2022-09-19T12:25:29Z,2022-09-20T05:43:47Z,17h 18m 18s,camperbot,https://github.com/freeCodeCamp/freeCodeCamp/pull/47558
47557,1h 51m,111,0,0,0,0,2022-09-19T12:11:14Z,2022-09-20T05:44:43Z,17h 33m 29s,camperbot,https://github.com/freeCodeCamp/freeCodeCamp/pull/47557
47556,0s,0,0,0,0,0,2022-09-19T09:52:22Z,2022-09-19T11:28:31Z,1h 36m 9s,sidemt,https://github.com/freeCodeCamp/freeCodeCamp/pull/47556
47522,4h 55m 55s,295,0,0,0,0,2022-09-15T13:01:03Z,2022-09-15T18:30:54Z,5h 29m 51s,camperbot,https://github.com/freeCodeCamp/freeCodeCamp/pull/47522
47521,4h 57m,297,0,0,0,0,2022-09-15T12:25:02Z,2022-09-15T18:32:48Z,6h 7m 46s,camperbot,https://github.com/freeCodeCamp/freeCodeCamp/pull/47521
47520,4h 58m,298,0,0,0,0,2022-09-15T12:11:56Z,2022-09-15T18:33:39Z,6h 21m 43s,camperbot,https://github.com/freeCodeCamp/freeCodeCamp/pull/47520
47469,44m,44,0,0,0,0,2022-09-08T12:57:46Z,2022-09-08T18:12:16Z,5h 14m 30s,camperbot,https://github.com/freeCodeCamp/freeCodeCamp/pull/47469
47460,1h 12m,72,0,0,0,0,2022-09-07T12:58:41Z,2022-09-07T19:35:53Z,6h 37m 12s,camperbot,https://github.com/freeCodeCamp/freeCodeCamp/pull/47460
47458,1h 11m,71,0,0,0,0,2022-09-07T12:24:24Z,2022-09-07T14:11:41Z,1h 47m 17s,camperbot,https://github.com/freeCodeCamp/freeCodeCamp/pull/47458
47450,1h 19m,79,0,0,0,0,2022-09-05T12:24:31Z,2022-09-07T07:24:39Z,1d 19h 0m 8s,camperbot,https://github.com/freeCodeCamp/freeCodeCamp/pull/47450
47434,17h 16m,1036,0,0,0,0,2022-09-02T13:00:20Z,2022-09-07T12:34:54Z,4d 23h 34m 34s,camperbot,https://github.com/freeCodeCamp/freeCodeCamp/pull/47434
47433,9h 10m,550,0,0,0,0,2022-09-02T12:10:37Z,2022-09-07T14:10:20Z,5d 1h 59m 43s,camperbot,https://github.com/freeCodeCamp/freeCodeCamp/pull/47433
47420,1h 25m,85,0,0,0,0,2022-08-31T12:24:20Z,2022-08-31T15:58:56Z,3h 34m 36s,camperbot,https://github.com/freeCodeCamp/freeCodeCamp/pull/47420
47419,1h 26m,86,0,0,0,0,2022-08-31T12:10:53Z,2022-08-31T16:00:35Z,3h 49m 42s,camperbot,https://github.com/freeCodeCamp/freeCodeCamp/pull/47419
47410,1h 10m 59s,70,0,0,0,0,2022-08-29T13:02:55Z,2022-08-29T14:36:37Z,1h 33m 42s,camperbot,https://github.com/freeCodeCamp/freeCodeCamp/pull/47410
47409,1h 14m,74,0,0,0,0,2022-08-29T12:24:26Z,2022-08-29T14:35:54Z,2h 11m 28s,camperbot,https://github.com/freeCodeCamp/freeCodeCamp/pull/47409
47408,1h 12m,72,0,0,0,0,2022-08-29T12:09:44Z,2022-08-29T14:12:21Z,2h 2m 37s,camperbot,https://github.com/freeCodeCamp/freeCodeCamp/pull/47408
47386,0s,0,0,0,0,0,2022-08-26T12:18:23Z,2022-08-27T06:43:15Z,18h 24m 52s,camperbot,https://github.com/freeCodeCamp/freeCodeCamp/pull/47386
47374,2h 26m,146,0,0,0,0,2022-08-24T12:59:48Z,2022-08-24T15:29:22Z,2h 29m 34s,camperbot,https://github.com/freeCodeCamp/freeCodeCamp/pull/47374
47373,1h,60,0,0,0,0,2022-08-24T12:57:33Z,2022-08-24T14:04:03Z,1h 6m 30s,miyaliu666,https://github.com/freeCodeCamp/freeCodeCamp/pull/47373
47372,2h 25m,145,0,0,0,0,2022-08-24T12:24:19Z,2022-08-24T15:28:43Z,3h 4m 24s,camperbot,https://github.com/freeCodeCamp/freeCodeCamp/pull/47372
47371,2h 26m,146,0,0,0,0,2022-08-24T12:09:39Z,2022-08-24T15:26:44Z,3h 17m 5s,camperbot,https://github.com/freeCodeCamp/freeCodeCamp/pull/47371
47364,16h,960,0,0,0,0,2022-08-23T10:35:28Z,2022-08-29T08:36:30Z,5d 22h 1m 2s,Sembauke,https://github.com/freeCodeCamp/freeCodeCamp/pull/47364
47359,2h 10m 10s,130,0,0,0,0,2022-08-22T17:51:31Z,2022-08-22T20:04:59Z,2h 13m 28s,raisedadead,https://github.com/freeCodeCamp/freeCodeCamp/pull/47359
47355,1h 14m 52s,74,0,0,0,0,2022-08-22T13:02:40Z,2022-08-22T14:17:44Z,1h 15m 4s,camperbot,https://github.com/freeCodeCamp/freeCodeCamp/pull/47355
47354,1h 19m,79,0,0,0,0,2022-08-22T12:24:37Z,2022-08-22T14:36:22Z,2h 11m 45s,camperbot,https://github.com/freeCodeCamp/freeCodeCamp/pull/47354
47353,1h 18m,78,0,0,0,0,2022-08-22T12:10:39Z,2022-08-22T14:18:50Z,2h 8m 11s,camperbot,https://github.com/freeCodeCamp/freeCodeCamp/pull/47353
47347,57m,57,2,3,1,6,2022-08-21T17:13:52Z,2022-08-22T14:57:58Z,21h 44m 6s,stephanduesterhoeft,https://github.com/freeCodeCamp/freeCodeCamp/pull/47347
47335,0s,0,0,0,0,0,2022-08-19T21:20:29Z,2022-08-20T09:33:20Z,12h 12m 51s,QuincyLarson,https://github.com/freeCodeCamp/freeCodeCamp/pull/47335
47331,5h,300,1,0,1,2,2022-08-19T14:21:13Z,2022-08-20T08:30:47Z,18h 9m 34s,hanswang123456,https://github.com/freeCodeCamp/freeCodeCamp/pull/47331
47329,0s,0,0,0,0,0,2022-08-19T12:24:13Z,2022-08-19T13:56:08Z,1h 31m 55s,camperbot,https://github.com/freeCodeCamp/freeCodeCamp/pull/47329
47326,0s,0,0,0,0,0,2022-08-19T10:51:26Z,2022-08-22T09:18:21Z,2d 22h 26m 55s,mmatsumoto1026,https://github.com/freeCodeCamp/freeCodeCamp/pull/47326
47312,18h 10m,1090,0,0,0,0,2022-08-17T19:05:54Z,2022-08-22T06:54:55Z,4d 11h 49m 1s,naomi-lgbt,https://github.com/freeCodeCamp/freeCodeCamp/pull/47312
47301,9h 55m,595,0,0,0,0,2022-08-16T13:00:28Z,2022-08-17T14:55:27Z,1d 1h 54m 59s,camperbot,https://github.com/freeCodeCamp/freeCodeCamp/pull/47301
47262,1d 23h 15m,2835,3,0,2,5,2022-08-11T17:39:15Z,2022-08-19T08:59:30Z,7d 15h 20m 15s,lasjorg,https://github.com/freeCodeCamp/freeCodeCamp/pull/47262
47253,2d 10h,3480,0,0,0,0,2022-08-10T19:00:45Z,2022-08-20T08:36:10Z,9d 13h 35m 25s,bbsmooth,https://github.com/freeCodeCamp/freeCodeCamp/pull/47253
47250,1h 45m 31s,105,0,0,0,0,2022-08-10T13:05:27Z,2022-08-10T14:51:00Z,1h 45m 33s,sidemt,https://github.com/freeCodeCamp/freeCodeCamp/pull/47250
47060,0s,0,0,0,0,0,2022-07-28T12:11:44Z,2022-07-28T18:34:05Z,6h 22m 21s,camperbot,https://github.com/freeCodeCamp/freeCodeCamp/pull/47060
47052,4h 15m,255,0,0,0,0,2022-07-27T12:41:26Z,2022-07-27T17:15:07Z,4h 33m 41s,scissorsneedfoodtoo,https://github.com/freeCodeCamp/freeCodeCamp/pull/47052
47050,4h 17m,257,0,2,0,2,2022-07-27T12:41:00Z,2022-07-27T17:17:16Z,4h 36m 16s,scissorsneedfoodtoo,https://github.com/freeCodeCamp/freeCodeCamp/pull/47050
47049,0s,0,0,0,0,0,2022-07-27T12:09:24Z,2022-07-27T20:12:30Z,8h 3m 6s,camperbot,https://github.com/freeCodeCamp/freeCodeCamp/pull/47049
47042,16h 10m,970,0,0,0,0,2022-07-26T13:00:08Z,2022-07-28T13:21:48Z,2d 0h 21m 40s,camperbot,https://github.com/freeCodeCamp/freeCodeCamp/pull/47042
47041,0s,0,0,0,0,0,2022-07-26T12:09:22Z,2022-07-27T09:38:25Z,21h 29m 3s,camperbot,https://github.com/freeCodeCamp/freeCodeCamp/pull/47041
47027,1h 48m 40s,108,3,0,2,5,2022-07-24T22:34:08Z,2022-07-25T17:47:12Z,19h 13m 4s,DylanDevelops,https://github.com/freeCodeCamp/freeCodeCamp/pull/47027
46989,1m,1,0,0,0,0,2022-07-22T12:59:31Z,2022-07-22T18:25:37Z,5h 26m 6s,camperbot,https://github.com/freeCodeCamp/freeCodeCamp/pull/46989
46988,0s,0,0,0,0,0,2022-07-22T12:09:55Z,2022-07-22T18:25:59Z,6h 16m 4s,camperbot,https://github.com/freeCodeCamp/freeCodeCamp/pull/46988
46964,0s,0,0,0,0,0,2022-07-20T12:56:26Z,2022-07-22T10:46:44Z,1d 21h 50m 18s,camperbot,https://github.com/freeCodeCamp/freeCodeCamp/pull/46964
46962,0s,0,0,0,0,0,2022-07-20T12:24:16Z,2022-07-22T10:46:15Z,1d 22h 21m 59s,camperbot,https://github.com/freeCodeCamp/freeCodeCamp/pull/46962
46961,0s,0,0,0,0,0,2022-07-20T12:09:39Z,2022-07-22T10:45:34Z,1d 22h 35m 55s,camperbot,https://github.com/freeCodeCamp/freeCodeCamp/pull/46961
46950,0s,0,0,0,0,0,2022-07-19T09:50:48Z,2022-07-19T11:02:55Z,1h 12m 7s,Dario-DC,https://github.com/freeCodeCamp/freeCodeCamp/pull/46950
46940,0s,0,0,0,0,0,2022-07-18T12:09:22Z,2022-07-18T13:00:26Z,51m 4s,camperbot,https://github.com/freeCodeCamp/freeCodeCamp/pull/46940
46938,0s,0,0,0,0,0,2022-07-18T09:17:36Z,2022-07-18T12:59:11Z,3h 41m 35s,ojeytonwilliams,https://github.com/freeCodeCamp/freeCodeCamp/pull/46938
46937,0s,0,0,0,0,0,2022-07-18T08:47:14Z,2022-07-18T09:34:19Z,47m 5s,ojeytonwilliams,https://github.com/freeCodeCamp/freeCodeCamp/pull/46937
46922,0s,0,0,0,0,0,2022-07-16T07:43:18Z,2022-07-17T16:50:11Z,1d 9h 6m 53s,Sboonny,https://github.com/freeCodeCamp/freeCodeCamp/pull/46922
46892,0s,0,0,0,0,0,2022-07-14T12:29:43Z,2022-07-14T15:06:49Z,2h 37m 6s,camperbot,https://github.com/freeCodeCamp/freeCodeCamp/pull/46892
46884,52m 38s,52,0,0,0,0,2022-07-13T13:05:56Z,2022-07-13T14:04:50Z,58m 54s,camperbot,https://github.com/freeCodeCamp/freeCodeCamp/pull/46884
46882,57m,57,0,0,0,0,2022-07-13T12:17:30Z,2022-07-13T14:05:56Z,1h 48m 26s,camperbot,https://github.com/freeCodeCamp/freeCodeCamp/pull/46882
46872,1h 18m 40s,78,0,0,0,0,2022-07-12T13:01:37Z,2022-07-12T14:20:27Z,1h 18m 50s,camperbot,https://github.com/freeCodeCamp/freeCodeCamp/pull/46872
46871,1h 18m,78,0,0,0,0,2022-07-12T12:09:42Z,2022-07-12T14:18:43Z,2h 9m 1s,camperbot,https://github.com/freeCodeCamp/freeCodeCamp/pull/46871
46855,4d 11h 12m,6432,0,0,0,0,2022-07-11T17:35:51Z,2022-07-28T09:30:44Z,16d 15h 54m 53s,Sboonny,https://github.com/freeCodeCamp/freeCodeCamp/pull/46855
46849,3d 8h,4800,9,0,2,11,2022-07-11T12:39:20Z,2022-07-28T12:34:00Z,16d 23h 54m 40s,Sboonny,https://github.com/freeCodeCamp/freeCodeCamp/pull/46849
46848,25m,25,0,0,0,0,2022-07-11T12:11:43Z,2022-07-11T13:25:31Z,1h 13m 48s,camperbot,https://github.com/freeCodeCamp/freeCodeCamp/pull/46848
46839,0s,0,0,0,0,0,2022-07-10T04:50:37Z,2022-07-10T07:20:26Z,2h 29m 49s,naomi-lgbt,https://github.com/freeCodeCamp/freeCodeCamp/pull/46839
46838,0s,0,0,0,0,0,2022-07-10T04:01:48Z,2022-07-10T08:25:46Z,4h 23m 58s,naomi-lgbt,https://github.com/freeCodeCamp/freeCodeCamp/pull/46838
46806,4h 58m,298,0,0,0,0,2022-07-08T12:57:49Z,2022-07-08T17:58:33Z,5h 0m 44s,camperbot,https://github.com/freeCodeCamp/freeCodeCamp/pull/46806
46805,5h 8m,308,0,0,0,0,2022-07-08T12:09:25Z,2022-07-08T18:40:43Z,6h 31m 18s,camperbot,https://github.com/freeCodeCamp/freeCodeCamp/pull/46805
46799,0s,0,0,0,0,0,2022-07-08T09:38:41Z,2022-07-08T11:31:58Z,1h 53m 17s,camperbot,https://github.com/freeCodeCamp/freeCodeCamp/pull/46799
46777,18h 8m,1088,0,2,0,2,2022-07-06T17:48:24Z,2022-07-08T20:48:09Z,2d 2h 59m 45s,alpox,https://github.com/freeCodeCamp/freeCodeCamp/pull/46777
46774,2h 27m 20s,147,0,0,0,0,2022-07-06T13:06:10Z,2022-07-06T15:33:31Z,2h 27m 21s,camperbot,https://github.com/freeCodeCamp/freeCodeCamp/pull/46774
46773,2h 34m,154,0,0,0,0,2022-07-06T12:34:44Z,2022-07-06T15:34:24Z,2h 59m 40s,camperbot,https://github.com/freeCodeCamp/freeCodeCamp/pull/46773
46725,2h 19m 49s,139,0,0,0,0,2022-06-30T13:04:19Z,2022-06-30T15:24:09Z,2h 19m 50s,camperbot,https://github.com/freeCodeCamp/freeCodeCamp/pull/46725
46724,2h 25m,145,0,0,0,0,2022-06-30T12:32:07Z,2022-06-30T15:25:34Z,2h 53m 27s,camperbot,https://github.com/freeCodeCamp/freeCodeCamp/pull/46724
46723,0s,0,0,0,0,0,2022-06-30T12:10:37Z,2022-06-30T15:22:35Z,3h 11m 58s,camperbot,https://github.com/freeCodeCamp/freeCodeCamp/pull/46723
46721,2h 20m,140,3,1,2,6,2022-06-30T09:56:50Z,2022-06-30T15:44:45Z,5h 47m 55s,Sboonny,https://github.com/freeCodeCamp/freeCodeCamp/pull/46721
46711,1h 14m,74,0,0,0,0,2022-06-29T12:58:27Z,2022-06-29T14:36:55Z,1h 38m 28s,camperbot,https://github.com/freeCodeCamp/freeCodeCamp/pull/46711
46710,1h 12m,72,0,0,0,0,2022-06-29T12:24:27Z,2022-06-29T14:36:28Z,2h 12m 1s,camperbot,https://github.com/freeCodeCamp/freeCodeCamp/pull/46710
46709,0s,0,0,0,0,0,2022-06-29T12:08:45Z,2022-06-29T12:29:05Z,20m 20s,camperbot,https://github.com/freeCodeCamp/freeCodeCamp/pull/46709
46693,5m,5,0,0,0,0,2022-06-28T12:59:55Z,2022-06-28T13:30:45Z,30m 50s,camperbot,https://github.com/freeCodeCamp/freeCodeCamp/pull/46693
46692,3m,3,3,0,1,4,2022-06-28T11:32:05Z,2022-06-28T18:22:15Z,6h 50m 10s,Sboonny,https://github.com/freeCodeCamp/freeCodeCamp/pull/46692
46681,0s,0,0,0,0,0,2022-06-27T12:24:30Z,2022-06-27T12:46:18Z,21m 48s,camperbot,https://github.com/freeCodeCamp/freeCodeCamp/pull/46681
46676,0s,0,0,0,0,0,2022-06-26T17:53:30Z,2022-06-26T19:04:06Z,1h 10m 36s,naomi-lgbt,https://github.com/freeCodeCamp/freeCodeCamp/pull/46676
46670,16h,960,1,0,1,2,2022-06-26T09:37:59Z,2022-06-30T08:26:45Z,3d 22h 48m 46s,Sboonny,https://github.com/freeCodeCamp/freeCodeCamp/pull/46670
46648,22m 17s,22,0,0,0,0,2022-06-24T14:38:22Z,2022-06-24T15:14:52Z,36m 30s,Sboonny,https://github.com/freeCodeCamp/freeCodeCamp/pull/46648
46645,49m,49,0,0,0,0,2022-06-24T12:59:24Z,2022-06-24T15:29:23Z,2h 29m 59s,camperbot,https://github.com/freeCodeCamp/freeCodeCamp/pull/46645
46642,47m,47,0,0,0,0,2022-06-24T12:24:15Z,2022-06-24T15:24:17Z,3h 0m 2s,camperbot,https://github.com/freeCodeCamp/freeCodeCamp/pull/46642
46634,1h 13m 49s,73,0,0,0,0,2022-06-23T15:07:17Z,2022-06-23T17:21:13Z,2h 13m 56s,Dario-DC,https://github.com/freeCodeCamp/freeCodeCamp/pull/46634
46631,25m,25,0,0,0,0,2022-06-23T12:56:47Z,2022-06-23T16:03:48Z,3h 7m 1s,camperbot,https://github.com/freeCodeCamp/freeCodeCamp/pull/46631
46630,25m,25,0,0,0,0,2022-06-23T12:24:53Z,2022-06-23T16:04:11Z,3h 39m 18s,camperbot,https://github.com/freeCodeCamp/freeCodeCamp/pull/46630
46621,17h 16m,1036,3,0,1,4,2022-06-27T20:08:14Z,2022-06-30T08:28:49Z,2d 12h 20m 35s,Sboonny,https://github.com/freeCodeCamp/freeCodeCamp/pull/46621
46610,1h 50m 41s,110,0,0,0,0,2022-06-21T19:41:09Z,2022-06-22T11:37:03Z,15h 55m 54s,naomi-lgbt,https://github.com/freeCodeCamp/freeCodeCamp/pull/46610
46582,16m,16,0,0,0,0,2022-06-20T12:21:41Z,2022-06-20T14:31:15Z,2h 9m 34s,camperbot,https://github.com/freeCodeCamp/freeCodeCamp/pull/46582
46570,0s,0,0,0,0,0,2022-06-19T19:46:21Z,2022-06-20T00:58:22Z,5h 12m 1s,sidemt,https://github.com/freeCodeCamp/freeCodeCamp/pull/46570
46564,1d 17h 44m,2504,14,2,2,18,2022-06-19T17:40:58Z,2022-06-26T16:13:38Z,6d 22h 32m 40s,Sboonny,https://github.com/freeCodeCamp/freeCodeCamp/pull/46564
46554,0s,0,0,1,0,1,2022-06-18T13:56:00Z,2022-06-18T16:05:06Z,2h 9m 6s,TashanDuncan,https://github.com/freeCodeCamp/freeCodeCamp/pull/46554
46553,0s,0,0,1,0,1,2022-06-18T13:31:40Z,2022-06-18T23:34:51Z,10h 3m 11s,ivpavici,https://github.com/freeCodeCamp/freeCodeCamp/pull/46553
46529,12m 55s,12,0,0,0,0,2022-06-16T19:47:32Z,2022-06-16T21:38:50Z,1h 51m 18s,naomi-lgbt,https://github.com/freeCodeCamp/freeCodeCamp/pull/46529
46522,3h 10m,190,0,0,0,0,2022-06-16T12:54:48Z,2022-06-17T16:47:03Z,1d 3h 52m 15s,camperbot,https://github.com/freeCodeCamp/freeCodeCamp/pull/46522
46520,3h 10m,190,0,0,0,0,2022-06-16T12:09:12Z,2022-06-17T16:10:07Z,1d 4h 0m 55s,camperbot,https://github.com/freeCodeCamp/freeCodeCamp/pull/46520
46519,0s,0,3,1,1,5,2022-06-18T19:39:57Z,2022-06-19T17:13:51Z,21h 33m 54s,Sboonny,https://github.com/freeCodeCamp/freeCodeCamp/pull/46519
46508,1h 11m,71,0,0,0,0,2022-06-15T12:57:58Z,2022-06-15T14:11:40Z,1h 13m 42s,camperbot,https://github.com/freeCodeCamp/freeCodeCamp/pull/46508
46507,0s,0,0,0,0,0,2022-06-15T12:24:23Z,2022-06-15T13:17:07Z,52m 44s,camperbot,https://github.com/freeCodeCamp/freeCodeCamp/pull/46507
46506,0s,0,0,0,0,0,2022-06-15T12:09:05Z,2022-06-15T12:44:14Z,35m 9s,camperbot,https://github.com/freeCodeCamp/freeCodeCamp/pull/46506
46503,4h 26m,266,0,1,0,1,2022-06-15T10:24:23Z,2022-06-15T17:49:15Z,7h 24m 52s,Dario-DC,https://github.com/freeCodeCamp/freeCodeCamp/pull/46503
46485,2h 1m,121,0,0,0,0,2022-06-13T12:58:01Z,2022-06-13T16:05:16Z,3h 7m 15s,camperbot,https://github.com/freeCodeCamp/freeCodeCamp/pull/46485
46479,0s,0,0,1,0,1,2022-06-13T10:03:06Z,2022-06-13T15:49:00Z,5h 45m 54s,raisedadead,https://github.com/freeCodeCamp/freeCodeCamp/pull/46479
46442,2d 18h 59m,4019,0,0,0,0,2022-06-10T13:04:43Z,2022-06-23T11:24:34Z,12d 22h 19m 51s,ojeytonwilliams,https://github.com/freeCodeCamp/freeCodeCamp/pull/46442
46083,2h 52m,172,0,0,0,0,2022-05-20T12:25:15Z,2022-05-20T18:02:06Z,5h 36m 51s,camperbot,https://github.com/freeCodeCamp/freeCodeCamp/pull/46083
46069,36m,36,0,0,0,0,2022-05-19T12:58:04Z,2022-05-19T13:36:13Z,38m 9s,camperbot,https://github.com/freeCodeCamp/freeCodeCamp/pull/46069
46045,2h 45m,165,0,0,0,0,2022-05-18T12:59:47Z,2022-05-18T15:45:25Z,2h 45m 38s,camperbot,https://github.com/freeCodeCamp/freeCodeCamp/pull/46045
46043,2h 44m,164,0,0,0,0,2022-05-18T12:09:37Z,2022-05-18T15:44:40Z,3h 35m 3s,camperbot,https://github.com/freeCodeCamp/freeCodeCamp/pull/46043
46020,1h 46m 49s,106,0,0,0,0,2022-05-17T16:04:49Z,2022-05-17T17:51:43Z,1h 46m 54s,DanielRosa74,https://github.com/freeCodeCamp/freeCodeCamp/pull/46020
46008,5h 10m 31s,310,1,0,2,3,2022-05-17T11:49:09Z,2022-05-18T07:49:25Z,20h 0m 16s,DanielRosa74,https://github.com/freeCodeCamp/freeCodeCamp/pull/46008
45991,35m 58s,35,0,0,0,0,2022-05-16T13:02:26Z,2022-05-16T14:06:15Z,1h 3m 49s,camperbot,https://github.com/freeCodeCamp/freeCodeCamp/pull/45991
45990,38m,38,0,0,0,0,2022-05-16T12:29:11Z,2022-05-16T14:04:18Z,1h 35m 7s,camperbot,https://github.com/freeCodeCamp/freeCodeCamp/pull/45990
45945,26m,26,0,0,0,0,2022-05-13T12:58:44Z,2022-05-13T15:35:27Z,2h 36m 43s,camperbot,https://github.com/freeCodeCamp/freeCodeCamp/pull/45945
45944,27m,27,0,0,0,0,2022-05-13T12:26:07Z,2022-05-13T13:27:53Z,1h 1m 46s,camperbot,https://github.com/freeCodeCamp/freeCodeCamp/pull/45944
45943,27m,27,0,0,0,0,2022-05-13T12:11:51Z,2022-05-13T15:33:16Z,3h 21m 25s,camperbot,https://github.com/freeCodeCamp/freeCodeCamp/pull/45943
45928,3h 16m 43s,196,0,0,0,0,2022-05-12T13:03:40Z,2022-05-12T16:20:24Z,3h 16m 44s,camperbot,https://github.com/freeCodeCamp/freeCodeCamp/pull/45928
45855,10m 51s,10,0,1,0,1,2022-05-03T17:20:12Z,2022-05-03T18:23:03Z,1h 2m 51s,huyenltnguyen,https://github.com/freeCodeCamp/freeCodeCamp/pull/45855
45851,3h 6m,186,0,0,0,0,2022-05-03T12:58:44Z,2022-05-03T16:06:50Z,3h 8m 6s,camperbot,https://github.com/freeCodeCamp/freeCodeCamp/pull/45851
45850,3h 6m,186,0,0,0,0,2022-05-03T12:09:39Z,2022-05-03T16:06:24Z,3h 56m 45s,camperbot,https://github.com/freeCodeCamp/freeCodeCamp/pull/45850
45839,3h 7m,187,0,0,0,0,2022-05-02T12:29:20Z,2022-05-03T16:07:08Z,1d 3h 37m 48s,camperbot,https://github.com/freeCodeCamp/freeCodeCamp/pull/45839
45752,0s,0,0,0,0,0,2022-04-22T23:53:09Z,2022-04-25T13:22:18Z,2d 13h 29m 9s,erictleung,https://github.com/freeCodeCamp/freeCodeCamp/pull/45752
45586,8h,480,4,0,4,8,2022-04-05T12:12:59Z,2022-04-08T10:55:45Z,2d 22h 42m 46s,alevanni,https://github.com/freeCodeCamp/freeCodeCamp/pull/45586
45555,1h 48m 53s,108,0,0,0,0,2022-03-28T13:03:02Z,2022-03-28T20:14:21Z,7h 11m 19s,camperbot,https://github.com/freeCodeCamp/freeCodeCamp/pull/45555
45554,1h 51m,111,0,0,0,0,2022-03-28T12:12:50Z,2022-03-28T20:06:57Z,7h 54m 7s,camperbot,https://github.com/freeCodeCamp/freeCodeCamp/pull/45554
45493,3h 55m 50s,235,0,0,0,0,2022-03-21T13:00:07Z,2022-03-21T16:55:58Z,3h 55m 51s,camperbot,https://github.com/freeCodeCamp/freeCodeCamp/pull/45493
45445,7h 9m,429,0,0,0,0,2022-03-16T12:52:40Z,2022-03-16T20:09:26Z,7h 16m 46s,camperbot,https://github.com/freeCodeCamp/freeCodeCamp/pull/45445
45432,4h 5m,245,0,0,0,0,2022-03-14T12:56:39Z,2022-03-14T17:16:48Z,4h 20m 9s,camperbot,https://github.com/freeCodeCamp/freeCodeCamp/pull/45432
45431,4h 4m,244,0,0,0,0,2022-03-14T12:23:32Z,2022-03-14T17:04:31Z,4h 40m 59s,camperbot,https://github.com/freeCodeCamp/freeCodeCamp/pull/45431
45430,4h 3m,243,0,0,0,0,2022-03-14T12:13:19Z,2022-03-14T17:03:46Z,4h 50m 27s,camperbot,https://github.com/freeCodeCamp/freeCodeCamp/pull/45430
45404,1h 5m,65,0,0,0,0,2022-03-10T12:55:20Z,2022-03-10T15:05:23Z,2h 10m 3s,camperbot,https://github.com/freeCodeCamp/freeCodeCamp/pull/45404
45403,1h 4m,64,0,0,0,0,2022-03-10T12:23:29Z,2022-03-10T15:04:49Z,2h 41m 20s,camperbot,https://github.com/freeCodeCamp/freeCodeCamp/pull/45403
45394,40m,40,0,0,0,0,2022-03-09T12:23:28Z,2022-03-09T14:40:57Z,2h 17m 29s,camperbot,https://github.com/freeCodeCamp/freeCodeCamp/pull/45394
45392,40m,40,0,0,0,0,2022-03-09T12:08:20Z,2022-03-09T15:31:10Z,3h 22m 50s,camperbot,https://github.com/freeCodeCamp/freeCodeCamp/pull/45392
45336,2h 58m 55s,178,0,0,0,0,2022-03-03T18:51:40Z,2022-03-04T07:36:34Z,12h 44m 54s,naomi-lgbt,https://github.com/freeCodeCamp/freeCodeCamp/pull/45336
45313,9m,9,0,0,0,0,2022-03-02T13:13:03Z,2022-03-02T15:26:07Z,2h 13m 4s,camperbot,https://github.com/freeCodeCamp/freeCodeCamp/pull/45313
45311,9m,9,0,0,0,0,2022-03-02T12:12:04Z,2022-03-02T15:27:33Z,3h 15m 29s,camperbot,https://github.com/freeCodeCamp/freeCodeCamp/pull/45311
45287,5h 22m,322,0,0,0,0,2022-02-28T13:04:11Z,2022-02-28T19:22:39Z,6h 18m 28s,camperbot,https://github.com/freeCodeCamp/freeCodeCamp/pull/45287
45276,0s,0,0,0,0,0,2022-02-27T12:25:19Z,2022-02-28T08:02:35Z,19h 37m 16s,camperbot,https://github.com/freeCodeCamp/freeCodeCamp/pull/45276
45271,0s,0,0,0,0,0,2022-02-26T12:49:02Z,2022-02-28T07:59:22Z,1d 19h 10m 20s,camperbot,https://github.com/freeCodeCamp/freeCodeCamp/pull/45271
45270,0s,0,0,1,0,1,2022-02-26T12:27:06Z,2022-02-28T07:54:19Z,1d 19h 27m 13s,LedaThemis,https://github.com/freeCodeCamp/freeCodeCamp/pull/45270
45256,0s,0,0,0,0,0,2022-02-25T12:53:25Z,2022-02-25T13:20:33Z,27m 8s,camperbot,https://github.com/freeCodeCamp/freeCodeCamp/pull/45256
45221,0s,0,0,0,0,0,2022-02-23T12:04:49Z,2022-02-23T12:21:49Z,17m,camperbot,https://github.com/freeCodeCamp/freeCodeCamp/pull/45221
45192,0s,0,0,0,0,0,2022-02-19T12:50:28Z,2022-02-19T14:41:19Z,1h 50m 51s,camperbot,https://github.com/freeCodeCamp/freeCodeCamp/pull/45192
45191,0s,0,0,0,0,0,2022-02-19T12:25:04Z,2022-02-19T14:46:49Z,2h 21m 45s,camperbot,https://github.com/freeCodeCamp/freeCodeCamp/pull/45191
45189,0s,0,0,0,0,0,2022-02-19T12:04:43Z,2022-02-19T14:45:43Z,2h 41m,camperbot,https://github.com/freeCodeCamp/freeCodeCamp/pull/45189
45187,0s,0,0,0,0,0,2022-02-19T07:08:06Z,2022-02-21T15:10:19Z,2d 8h 2m 13s,sidemt,https://github.com/freeCodeCamp/freeCodeCamp/pull/45187
45141,3h 18m,198,0,0,0,0,2022-02-16T12:25:14Z,2022-02-16T17:18:47Z,4h 53m 33s,camperbot,https://github.com/freeCodeCamp/freeCodeCamp/pull/45141
45140,3h 19m,199,0,0,0,0,2022-02-16T12:04:35Z,2022-02-16T17:19:28Z,5h 14m 53s,camperbot,https://github.com/freeCodeCamp/freeCodeCamp/pull/45140
45123,3h 18m,198,0,0,0,0,2022-02-15T12:51:07Z,2022-02-16T17:18:09Z,1d 4h 27m 2s,camperbot,https://github.com/freeCodeCamp/freeCodeCamp/pull/45123
45109,38m,38,0,0,0,0,2022-02-14T12:52:02Z,2022-02-14T16:50:30Z,3h 58m 28s,camperbot,https://github.com/freeCodeCamp/freeCodeCamp/pull/45109
45108,38m,38,0,0,0,0,2022-02-14T12:25:17Z,2022-02-14T15:51:42Z,3h 26m 25s,camperbot,https://github.com/freeCodeCamp/freeCodeCamp/pull/45108
45068,3h 10m,190,0,0,0,0,2022-02-10T12:52:32Z,2022-02-10T18:07:28Z,5h 14m 56s,camperbot,https://github.com/freeCodeCamp/freeCodeCamp/pull/45068
45067,3h 11m,191,0,0,0,0,2022-02-10T12:25:53Z,2022-02-10T18:07:53Z,5h 42m,camperbot,https://github.com/freeCodeCamp/freeCodeCamp/pull/45067
45066,3h 11m,191,0,0,0,0,2022-02-10T12:04:13Z,2022-02-10T18:11:04Z,6h 6m 51s,camperbot,https://github.com/freeCodeCamp/freeCodeCamp/pull/45066
45059,2h 44m,164,0,0,0,0,2022-02-09T12:25:21Z,2022-02-09T16:54:14Z,4h 28m 53s,camperbot,https://github.com/freeCodeCamp/freeCodeCamp/pull/45059
45058,2h 44m,164,0,0,0,0,2022-02-09T12:04:09Z,2022-02-09T16:46:17Z,4h 42m 8s,camperbot,https://github.com/freeCodeCamp/freeCodeCamp/pull/45058
45048,2d 2h 29m,3029,10,1,9,20,2022-02-10T00:14:44Z,2022-02-18T18:15:16Z,8d 18h 0m 32s,naomi-lgbt,https://github.com/freeCodeCamp/freeCodeCamp/pull/45048
45001,2h 45m,165,0,0,0,0,2022-02-02T12:51:34Z,2022-02-03T19:16:32Z,1d 6h 24m 58s,camperbot,https://github.com/freeCodeCamp/freeCodeCamp/pull/45001
44971,0s,0,0,1,0,1,2022-01-30T16:58:03Z,2022-01-31T04:00:22Z,11h 2m 19s,Gautam-Hegde,https://github.com/freeCodeCamp/freeCodeCamp/pull/44971
44965,3h 13m,193,0,0,0,0,2022-01-29T12:47:04Z,2022-01-31T17:13:49Z,2d 4h 26m 45s,camperbot,https://github.com/freeCodeCamp/freeCodeCamp/pull/44965
44936,1h 48m,108,0,0,0,0,2022-01-27T12:51:11Z,2022-01-27T16:39:01Z,3h 47m 50s,camperbot,https://github.com/freeCodeCamp/freeCodeCamp/pull/44936
44935,0s,0,0,0,0,0,2022-01-27T12:25:20Z,2022-01-27T13:30:07Z,1h 4m 47s,camperbot,https://github.com/freeCodeCamp/freeCodeCamp/pull/44935
44934,0s,0,0,0,0,0,2022-01-27T12:04:26Z,2022-01-27T13:30:36Z,1h 26m 10s,camperbot,https://github.com/freeCodeCamp/freeCodeCamp/pull/44934
44917,1h 3m 49s,63,0,0,0,0,2022-01-25T19:25:12Z,2022-01-25T20:59:46Z,1h 34m 34s,naomi-lgbt,https://github.com/freeCodeCamp/freeCodeCamp/pull/44917
44876,0s,0,0,0,0,0,2022-01-22T12:25:07Z,2022-01-22T15:01:08Z,2h 36m 1s,camperbot,https://github.com/freeCodeCamp/freeCodeCamp/pull/44876
44866,0s,0,0,0,0,0,2022-01-21T12:51:12Z,2022-01-22T15:08:21Z,1d 2h 17m 9s,camperbot,https://github.com/freeCodeCamp/freeCodeCamp/pull/44866
44864,0s,0,0,0,0,0,2022-01-21T12:04:24Z,2022-01-22T15:02:36Z,1d 2h 58m 12s,camperbot,https://github.com/freeCodeCamp/freeCodeCamp/pull/44864
44851,5h 30m,330,0,0,0,0,2022-01-20T12:50:56Z,2022-01-20T19:30:19Z,6h 39m 23s,camperbot,https://github.com/freeCodeCamp/freeCodeCamp/pull/44851
44826,8h 36m,516,0,0,0,0,2022-01-18T21:20:10Z,2022-01-20T04:31:09Z,1d 7h 10m 59s,naomi-lgbt,https://github.com/freeCodeCamp/freeCodeCamp/pull/44826
44811,9d 17h 32m,14012,0,2,0,2,2022-01-17T19:14:54Z,2022-02-25T13:01:51Z,38d 17h 46m 57s,ponomarevkonst,https://github.com/freeCodeCamp/freeCodeCamp/pull/44811
44797,0s,0,0,0,0,0,2022-01-16T12:47:05Z,2022-01-16T19:30:35Z,6h 43m 30s,camperbot,https://github.com/freeCodeCamp/freeCodeCamp/pull/44797
44733,0s,0,0,0,0,0,2022-01-09T12:48:53Z,2022-01-09T14:06:04Z,1h 17m 11s,camperbot,https://github.com/freeCodeCamp/freeCodeCamp/pull/44733
44732,0s,0,0,2,0,2,2022-01-09T12:04:16Z,2022-01-09T14:05:00Z,2h 0m 44s,camperbot,https://github.com/freeCodeCamp/freeCodeCamp/pull/44732
44712,2h 55m,175,0,0,0,0,2022-01-07T12:52:03Z,2022-01-07T16:55:42Z,4h 3m 39s,camperbot,https://github.com/freeCodeCamp/freeCodeCamp/pull/44712
44698,7h 14m,434,0,0,0,0,2022-01-06T13:03:14Z,2022-01-07T07:49:06Z,18h 45m 52s,camperbot,https://github.com/freeCodeCamp/freeCodeCamp/pull/44698
44697,7h 16m,436,0,0,0,0,2022-01-06T12:04:39Z,2022-01-07T09:19:51Z,21h 15m 12s,camperbot,https://github.com/freeCodeCamp/freeCodeCamp/pull/44697
