Reviewer,PR Number,Review time (mins),Code Review Comments,PR Issue Comments,PR Review Comments,Total Comments,PR URL
ojeytonwilliams,PR 46870,90,1,3,1,5,https://github.com/freeCodeCamp/freeCodeCamp/pull/46870
ojeytonwilliams,PR 46826,0,0,2,0,2,https://github.com/freeCodeCamp/freeCodeCamp/pull/46826
ojeytonwilliams,PR 46823,0,0,0,0,0,https://github.com/freeCodeCamp/freeCodeCamp/pull/46823
ojeytonwilliams,PR 46800,0,0,0,0,0,https://github.com/freeCodeCamp/freeCodeCamp/pull/46800
ojeytonwilliams,PR 46714,180,0,0,0,0,https://github.com/freeCodeCamp/freeCodeCamp/pull/46714
