Reviewer,PR Number,Review time (mins),Code Review Comments,PR Issue Comments,PR Review Comments,Total Comments,PR URL
raisedadead,PR 47625,480,0,0,0,0,https://github.com/freeCodeCamp/freeCodeCamp/pull/47625
raisedadead,PR 47357,273,0,0,0,0,https://github.com/freeCodeCamp/freeCodeCamp/pull/47357
raisedadead,PR 46896,60,0,0,0,0,https://github.com/freeCodeCamp/freeCodeCamp/pull/46896
raisedadead,PR 46870,0,0,0,0,0,https://github.com/freeCodeCamp/freeCodeCamp/pull/46870
raisedadead,PR 46597,82,0,0,0,0,https://github.com/freeCodeCamp/freeCodeCamp/pull/46597
raisedadead,PR 45934,53,0,0,0,0,https://github.com/freeCodeCamp/freeCodeCamp/pull/45934
raisedadead,PR 45714,9,0,0,0,0,https://github.com/freeCodeCamp/freeCodeCamp/pull/45714
raisedadead,PR 45402,480,0,0,0,0,https://github.com/freeCodeCamp/freeCodeCamp/pull/45402
