Reviewer,PR Number,Review time (mins),Code Review Comments,PR Issue Comments,PR Review Comments,Total Comments,PR URL
ShaunSHamilton,PR 47332,0,27,1,1,29,https://github.com/freeCodeCamp/freeCodeCamp/pull/47332
ShaunSHamilton,PR 47004,0,1,0,1,2,https://github.com/freeCodeCamp/freeCodeCamp/pull/47004
ShaunSHamilton,PR 46924,41,17,0,1,18,https://github.com/freeCodeCamp/freeCodeCamp/pull/46924
ShaunSHamilton,PR 46482,240,1,1,1,3,https://github.com/freeCodeCamp/freeCodeCamp/pull/46482
ShaunSHamilton,PR 45913,480,0,1,0,1,https://github.com/freeCodeCamp/freeCodeCamp/pull/45913
ShaunSHamilton,PR 45820,0,0,0,0,0,https://github.com/freeCodeCamp/freeCodeCamp/pull/45820
ShaunSHamilton,PR 45768,36,0,0,0,0,https://github.com/freeCodeCamp/freeCodeCamp/pull/45768
