Reviewer,PR Number,Review time (mins),Code Review Comments,PR Issue Comments,PR Review Comments,Total Comments,PR URL
Sboonny,PR 47662,180,1,0,1,2,https://github.com/freeCodeCamp/freeCodeCamp/pull/47662
Sboonny,PR 47609,0,0,0,0,0,https://github.com/freeCodeCamp/freeCodeCamp/pull/47609
Sboonny,PR 47529,0,0,0,0,0,https://github.com/freeCodeCamp/freeCodeCamp/pull/47529
Sboonny,PR 47332,3668,0,0,0,0,https://github.com/freeCodeCamp/freeCodeCamp/pull/47332
Sboonny,PR 47047,0,0,0,0,0,https://github.com/freeCodeCamp/freeCodeCamp/pull/47047
Sboonny,PR 47020,0,0,0,0,0,https://github.com/freeCodeCamp/freeCodeCamp/pull/47020
Sboonny,PR 47019,361,0,1,1,2,https://github.com/freeCodeCamp/freeCodeCamp/pull/47019
Sboonny,PR 47018,0,0,0,0,0,https://github.com/freeCodeCamp/freeCodeCamp/pull/47018
Sboonny,PR 47017,0,0,2,0,2,https://github.com/freeCodeCamp/freeCodeCamp/pull/47017
Sboonny,PR 47011,0,0,0,0,0,https://github.com/freeCodeCamp/freeCodeCamp/pull/47011
Sboonny,PR 47004,0,0,0,0,0,https://github.com/freeCodeCamp/freeCodeCamp/pull/47004
Sboonny,PR 47003,0,0,0,0,0,https://github.com/freeCodeCamp/freeCodeCamp/pull/47003
Sboonny,PR 46908,480,0,1,0,1,https://github.com/freeCodeCamp/freeCodeCamp/pull/46908
Sboonny,PR 46897,1526,0,0,0,0,https://github.com/freeCodeCamp/freeCodeCamp/pull/46897
Sboonny,PR 46895,1140,0,0,0,0,https://github.com/freeCodeCamp/freeCodeCamp/pull/46895
Sboonny,PR 46826,0,0,0,0,0,https://github.com/freeCodeCamp/freeCodeCamp/pull/46826
Sboonny,PR 46804,0,0,0,0,0,https://github.com/freeCodeCamp/freeCodeCamp/pull/46804
Sboonny,PR 46802,0,0,0,0,0,https://github.com/freeCodeCamp/freeCodeCamp/pull/46802
Sboonny,PR 46800,0,0,0,0,0,https://github.com/freeCodeCamp/freeCodeCamp/pull/46800
Sboonny,PR 46714,636,0,0,0,0,https://github.com/freeCodeCamp/freeCodeCamp/pull/46714
Sboonny,PR 46690,0,0,0,0,0,https://github.com/freeCodeCamp/freeCodeCamp/pull/46690
Sboonny,PR 46689,224,0,0,0,0,https://github.com/freeCodeCamp/freeCodeCamp/pull/46689
Sboonny,PR 46597,9,0,0,0,0,https://github.com/freeCodeCamp/freeCodeCamp/pull/46597
Sboonny,PR 46489,240,0,0,0,0,https://github.com/freeCodeCamp/freeCodeCamp/pull/46489
Sboonny,PR 46482,0,0,0,0,0,https://github.com/freeCodeCamp/freeCodeCamp/pull/46482
