Reviewer,PR Number,Review time (mins),Code Review Comments,PR Issue Comments,PR Review Comments,Total Comments,PR URL
naomi-lgbt,PR 47662,212,0,0,0,0,https://github.com/freeCodeCamp/freeCodeCamp/pull/47662
naomi-lgbt,PR 47357,4,0,0,0,0,https://github.com/freeCodeCamp/freeCodeCamp/pull/47357
naomi-lgbt,PR 47058,1221,0,0,0,0,https://github.com/freeCodeCamp/freeCodeCamp/pull/47058
naomi-lgbt,PR 47020,1550,0,0,0,0,https://github.com/freeCodeCamp/freeCodeCamp/pull/47020
naomi-lgbt,PR 47019,959,0,0,0,0,https://github.com/freeCodeCamp/freeCodeCamp/pull/47019
naomi-lgbt,PR 47018,968,0,0,0,0,https://github.com/freeCodeCamp/freeCodeCamp/pull/47018
naomi-lgbt,PR 47017,975,0,0,0,0,https://github.com/freeCodeCamp/freeCodeCamp/pull/47017
naomi-lgbt,PR 46869,102,0,0,0,0,https://github.com/freeCodeCamp/freeCodeCamp/pull/46869
naomi-lgbt,PR 46851,48,0,0,0,0,https://github.com/freeCodeCamp/freeCodeCamp/pull/46851
naomi-lgbt,PR 46689,203,0,0,0,0,https://github.com/freeCodeCamp/freeCodeCamp/pull/46689
naomi-lgbt,PR 46680,395,3,0,1,4,https://github.com/freeCodeCamp/freeCodeCamp/pull/46680
naomi-lgbt,PR 46609,210,0,1,0,1,https://github.com/freeCodeCamp/freeCodeCamp/pull/46609
naomi-lgbt,PR 45932,0,0,0,0,0,https://github.com/freeCodeCamp/freeCodeCamp/pull/45932
naomi-lgbt,PR 45913,348,1,0,1,2,https://github.com/freeCodeCamp/freeCodeCamp/pull/45913
naomi-lgbt,PR 45856,30,0,0,0,0,https://github.com/freeCodeCamp/freeCodeCamp/pull/45856
naomi-lgbt,PR 45714,6,0,0,0,0,https://github.com/freeCodeCamp/freeCodeCamp/pull/45714
naomi-lgbt,PR 45402,109,0,0,0,0,https://github.com/freeCodeCamp/freeCodeCamp/pull/45402
