Reviewer,PR Number,Review time (mins),Code Review Comments,PR Issue Comments,PR Review Comments,Total Comments,PR URL
Sembauke,PR 47035,14,0,0,0,0,https://github.com/freeCodeCamp/freeCodeCamp/pull/47035
Sembauke,PR 46924,3360,0,0,0,0,https://github.com/freeCodeCamp/freeCodeCamp/pull/46924
Sembauke,PR 46680,2077,1,0,1,2,https://github.com/freeCodeCamp/freeCodeCamp/pull/46680
Sembauke,PR 45993,59,0,0,0,0,https://github.com/freeCodeCamp/freeCodeCamp/pull/45993
Sembauke,PR 45988,0,0,0,0,0,https://github.com/freeCodeCamp/freeCodeCamp/pull/45988
Sembauke,PR 45900,120,0,0,0,0,https://github.com/freeCodeCamp/freeCodeCamp/pull/45900
Sembauke,PR 45899,0,0,0,0,0,https://github.com/freeCodeCamp/freeCodeCamp/pull/45899
Sembauke,PR 45856,11,0,0,0,0,https://github.com/freeCodeCamp/freeCodeCamp/pull/45856
Sembauke,PR 45768,69,0,1,0,1,https://github.com/freeCodeCamp/freeCodeCamp/pull/45768
