Reviewer,PR Number,Review time (mins),Code Review Comments,PR Issue Comments,PR Review Comments,Total Comments,PR URL
gikf,PR 47609,0,0,0,0,0,https://github.com/freeCodeCamp/freeCodeCamp/pull/47609
gikf,PR 47011,0,0,0,0,0,https://github.com/freeCodeCamp/freeCodeCamp/pull/47011
gikf,PR 46896,60,0,0,0,0,https://github.com/freeCodeCamp/freeCodeCamp/pull/46896
gikf,PR 46804,32,0,0,0,0,https://github.com/freeCodeCamp/freeCodeCamp/pull/46804
gikf,PR 45993,35,0,0,0,0,https://github.com/freeCodeCamp/freeCodeCamp/pull/45993
gikf,PR 45932,0,0,0,0,0,https://github.com/freeCodeCamp/freeCodeCamp/pull/45932
gikf,PR 45900,0,0,0,0,0,https://github.com/freeCodeCamp/freeCodeCamp/pull/45900
gikf,PR 45820,0,0,0,0,0,https://github.com/freeCodeCamp/freeCodeCamp/pull/45820
gikf,PR 45777,99,0,0,0,0,https://github.com/freeCodeCamp/freeCodeCamp/pull/45777
