Reviewer,PR Number,Review time (mins),Code Review Comments,PR Issue Comments,PR Review Comments,Total Comments,PR URL
moT01,PR 47529,96,0,0,0,0,https://github.com/freeCodeCamp/freeCodeCamp/pull/47529
moT01,PR 47058,2648,0,0,0,0,https://github.com/freeCodeCamp/freeCodeCamp/pull/47058
moT01,PR 46897,1483,1,0,1,2,https://github.com/freeCodeCamp/freeCodeCamp/pull/46897
moT01,PR 46895,0,0,0,0,0,https://github.com/freeCodeCamp/freeCodeCamp/pull/46895
moT01,PR 46823,0,0,0,0,0,https://github.com/freeCodeCamp/freeCodeCamp/pull/46823
moT01,PR 46690,480,0,0,0,0,https://github.com/freeCodeCamp/freeCodeCamp/pull/46690
moT01,PR 46489,1332,0,0,0,0,https://github.com/freeCodeCamp/freeCodeCamp/pull/46489
