Reviewed For different PR Authors,Total PRs Reviewed by majestic-owl448 since 2026-02-01,Total Code Review Comments,Total PR Issue Comments,Total PR Review Comments,Total All Comments Made,PR# List
Aman739-code,2,0,0,0,0,"[69572, 69615]"
Abhi-kumar23,1,0,0,0,0,[69613]
Supravisor,16,1,2,2,5,"[66023, 66039, 66164, 66516, 67011, 67766, 68122, 68148, 68422, 68573, 68615, 68838, 69052, 69099, 69354, 69605]"
Kunal241207,2,3,0,3,6,"[69265, 69601]"
Dazzanova,5,6,0,4,10,"[68465, 68522, 68605, 68734, 69599]"
dev-sriramp,1,0,0,0,0,[69585]
caio-bittencourt,4,3,0,2,5,"[67350, 67397, 69212, 69582]"
AnandKumar-001,1,0,0,0,0,[69581]
laypatel13,9,6,1,4,11,"[68753, 68804, 68984, 69008, 69046, 69404, 69506, 69552, 69573]"
BaconMan1168,2,6,1,3,10,"[69569, 69570]"
subodh-77,1,0,1,0,1,[69522]
wunianze666-netizen,1,0,0,0,0,[69520]
Ksound22,9,17,1,13,31,"[65987, 65991, 65995, 66008, 66009, 66019, 67852, 67855, 69518]"
jacobptnguyen,1,0,0,0,0,[69515]
d4-dhiraj,1,1,0,1,2,[69511]
Dario-DC,5,8,0,4,12,"[65700, 65708, 65949, 65957, 69502]"
MahyarCode,1,0,0,0,0,[69501]
fuentez145,1,0,2,0,2,[69483]
arjun2075,1,0,0,0,0,[69481]
waleed-akram,2,1,0,1,2,"[69095, 69464]"
SachaKefif,1,0,0,0,0,[69463]
saikiranrayabarapu,2,0,0,0,0,"[68802, 69449]"
Naman-bh,1,0,0,0,0,[69410]
KesleyDavid,1,0,0,0,0,[69405]
gideonadeti,1,0,0,0,0,[69402]
SudhamshuH,3,1,0,1,2,"[69358, 69360, 69388]"
jeffrinkdev,3,21,0,2,23,"[68868, 69051, 69386]"
typovrak,3,3,0,1,4,"[68793, 68982, 69380]"
MkhalFadel,3,1,0,1,2,"[69204, 69269, 69377]"
priyansh3010,1,1,0,1,2,[69372]
Webmekanic,3,20,1,11,32,"[66867, 69094, 69368]"
Sembauke,40,5,1,4,10,"[66391, 66425, 66429, 66430, 66431, 66452, 66453, 66454, 66455, 66464, 66465, 66466, 66467, 66468, 66469, 66470, 66471, 66472, 66473, 66482, 66483, 66484, 66485, 66486, 66487, 66488, 66495, 66496, 66497, 66498, 66499, 66503, 66504, 66505, 69207, 69208, 69209, 69362, 69363, 69364]"
Priyesh1311421,1,0,0,1,1,[69355]
ShaunSHamilton,1,10,0,3,13,[69351]
Rikka-8964,1,0,0,0,0,[69284]
SnehaAN144,1,0,0,0,0,[69277]
mannoz369,1,1,1,1,3,[69257]
nguyenduybao1,4,3,0,3,6,"[65827, 66047, 66102, 69253]"
masroorhosseini,1,2,0,2,4,[69248]
4ktLuffy,1,0,0,0,0,[69247]
Siripb2,1,0,0,0,0,[69238]
abdulwaarith0,1,0,0,0,0,[69217]
lyeba19,1,0,0,0,0,[69211]
siuu07,1,0,0,0,0,[69200]
NitheshNaik,1,0,0,0,0,[69199]
SujayBWJ,1,0,0,0,0,[69189]
enamulhasan01,1,0,0,1,1,[69188]
mohamedmastouri-hue,1,0,0,0,0,[69184]
MeiSiristhebest,1,0,0,0,0,[69178]
d3vpool,1,0,0,0,0,[69172]
anjupathak03,1,0,0,0,0,[69163]
benpaul2002,1,0,0,0,0,[69162]
TheRodzz,1,0,1,0,1,[69159]
vinniit-23,1,1,1,2,4,[69144]
Nishant9764,1,0,0,0,0,[69140]
Jamwilltim,1,0,0,0,0,[69138]
prateek-dagar,1,0,0,0,0,[69135]
rohit-h11,2,9,2,7,18,"[69130, 69134]"
Er-SarthakBansal,1,6,0,1,7,[69132]
bhavana-mb,1,0,0,0,0,[69127]
eng-abdelrahman-sharaf,5,4,0,1,5,"[68833, 68857, 69001, 69004, 69125]"
priyaaa405,1,0,0,0,0,[69114]
ladanhamoud,1,3,0,1,4,[69112]
Vendetaaaa,1,5,3,3,11,[69111]
dishamittalnitb,1,0,0,0,0,[69107]
TheSeydiCharyyev,2,6,2,4,12,"[67614, 69106]"
Anavyarai,1,0,0,0,0,[69101]
Aimwee,1,0,0,0,0,[69100]
eva-lng,2,0,0,0,0,"[68847, 69097]"
TEE0207,3,13,2,5,20,"[68012, 68964, 69096]"
owevertonguedes,2,0,0,0,0,"[69083, 69084]"
jaykumar14921,2,6,1,6,13,"[68918, 69081]"
Hashim1999164,1,0,1,0,1,[69078]
laxitajain,3,2,0,1,3,"[68495, 68524, 69071]"
Vam-si-krish,1,0,0,0,0,[69070]
Ayush3396,1,0,0,0,0,[69053]
Vanshdeep001,1,0,0,0,0,[69038]
TexasAppz,1,0,0,0,0,[69029]
Bhavani2016,1,3,0,1,4,[69025]
ATURKIEH,1,0,0,0,0,[69018]
alihamzaio,1,1,0,2,3,[69011]
RAJ-A58,2,1,0,1,2,"[68969, 69006]"
Benlite777,1,0,0,0,0,[69002]
deepak-s-git,7,5,2,6,13,"[67295, 67388, 67389, 67390, 67391, 67392, 68993]"
Pranayd555,2,2,0,2,4,"[68883, 68988]"
imsomilg,42,54,9,39,102,"[67719, 67810, 67811, 67827, 67834, 67858, 67878, 67880, 67951, 68015, 68033, 68041, 68043, 68054, 68055, 68108, 68130, 68165, 68175, 68194, 68196, 68222, 68263, 68323, 68339, 68341, 68343, 68355, 68394, 68396, 68405, 68449, 68488, 68506, 68527, 68553, 68570, 68572, 68583, 68601, 68630, 68986]"
TheDeveloperDoctor,1,0,0,0,0,[68979]
ritishDas,2,0,0,0,0,"[68849, 68961]"
Technoritesh152005,1,0,0,0,0,[68960]
huyenltnguyen,5,0,1,0,1,"[66380, 66441, 66523, 67067, 68959]"
bdtripp,12,28,1,15,44,"[67195, 67883, 67898, 67940, 68107, 68278, 68375, 68376, 68443, 68504, 68803, 68958]"
lennin331,2,1,0,1,2,"[68765, 68956]"
farchettiensis,3,5,0,2,7,"[66038, 66349, 68951]"
Vishhh03,5,29,0,9,38,"[68150, 68534, 68535, 68555, 68947]"
adranjan4,1,0,0,0,0,[68944]
kaushik552k,1,0,0,0,0,[68937]
spacesyntaxwho,1,0,0,0,0,[68933]
shubhthakkar06,1,0,0,0,0,[68927]
Atishay17,1,0,0,1,1,[68926]
AdityaSingh-18,51,36,6,37,79,"[65767, 65770, 65801, 65853, 65888, 65965, 65986, 66001, 66030, 66032, 66059, 66097, 66103, 66106, 66126, 66147, 66161, 66282, 66327, 66403, 66420, 66510, 67768, 67780, 67793, 67795, 67796, 67797, 67801, 67802, 67862, 67945, 67946, 67970, 67971, 67991, 67992, 68022, 68112, 68113, 68213, 68215, 68340, 68447, 68448, 68519, 68538, 68560, 68790, 68796, 68925]"
ayush-04jha,1,0,0,0,0,[68914]
AK47Kavan,1,0,0,0,0,[68913]
enlorik,1,0,0,0,0,[68912]
xusnitdinov,1,0,0,0,0,[68911]
neetcodeprogress-lang,2,0,0,0,0,"[68729, 68900]"
duna-akin,1,0,0,0,0,[68896]
Gaurav-7065,1,0,0,0,0,[68888]
YYuan02,3,2,3,1,6,"[68789, 68821, 68887]"
SanthoshBalagur,6,7,1,10,18,"[68563, 68618, 68741, 68792, 68828, 68885]"
TechGenius-Karan,2,5,0,6,11,"[68203, 68866]"
superezzdev,1,0,1,0,1,[68853]
yashvi-jain,2,0,0,0,0,"[68552, 68841]"
ayussh-2,1,0,1,0,1,[68840]
Anwiii,1,0,0,0,0,[68839]
coyaSONG,1,0,0,0,0,[68829]
timovibes,1,0,0,0,0,[68827]
anoopraj-dev,1,0,0,0,0,[68824]
yehiahesham2938,1,0,0,1,1,[68820]
kanan010506,3,8,4,6,18,"[67988, 68024, 68808]"
vijaykiran06,3,3,5,4,12,"[68667, 68799, 68807]"
RakshitKaintura,1,0,0,0,0,[68798]
abyss-ux,1,0,0,0,0,[68791]
Jatinmor89,1,0,1,0,1,[68781]
chauhan-varun,1,2,0,3,5,[68750]
arunkumar0398,6,3,2,9,14,"[66940, 67869, 68359, 68485, 68626, 68737]"
Sushanth012,1,0,0,0,0,[68730]
kamran1711,1,2,0,1,3,[68654]
Jatin-saini-developer,1,0,0,0,0,[68651]
pmanthan009,1,0,0,0,0,[68628]
harshlm15,3,18,1,13,32,"[67709, 67805, 68625]"
shivangiii18,1,0,0,0,0,[68612]
runxii,1,0,0,0,0,[68611]
snehaaa-16,1,0,0,0,0,[68607]
Akanshagore,1,0,0,0,0,[68592]
ronits2407,1,0,0,0,0,[68591]
bibashmanjusubedi,1,0,0,0,0,[68589]
ruhaanpathan,1,0,0,0,0,[68588]
DanielRosa74,2,0,0,0,0,"[67452, 68586]"
AlyssaSuri,1,0,0,0,0,[68578]
itsabhay1,1,0,1,0,1,[68548]
ankush2311025,1,0,0,0,0,[68542]
Ayush28051,1,0,0,0,0,[68537]
clarencepenz,1,0,0,0,0,[68536]
lahoylaa,1,0,0,0,0,[68533]
Ayan-Bain,2,0,0,1,1,"[68229, 68531]"
virendra9768,1,0,0,0,0,[68528]
ManyaB2005,1,0,0,0,0,[68516]
gideon-tech,1,0,0,0,0,[68507]
suchismitab0511,1,0,0,0,0,[68502]
rajv2er,1,0,0,0,0,[68498]
Joharika11,1,0,0,0,0,[68475]
EduardF1,1,0,0,0,0,[68473]
timothysmithdev,1,0,1,0,1,[68461]
TheForgottenJudge,1,0,1,0,1,[68458]
ashwiniwakchaure7777,1,0,0,1,1,[68451]
Chamith-Dilshan,1,0,0,0,0,[68450]
yuting1008,1,0,0,0,0,[68442]
k-anushka14,1,0,0,0,0,[68419]
yash5749,1,0,0,0,0,[68415]
thePranav-kpk,2,0,1,0,1,"[68392, 68412]"
lMedeirosl,1,0,1,0,1,[68377]
Kapilkrishnayadav,1,0,0,0,0,[68346]
yzakmuz,1,0,0,0,0,[68336]
menika01012006,1,0,0,0,0,[68326]
Ayush2029,1,0,1,0,1,[68325]
Siddhant21007,1,0,0,0,0,[68320]
xNickRivera,1,0,0,0,0,[68319]
Yaswanthram-396,1,1,0,1,2,[68317]
vasslucas,1,0,0,0,0,[68314]
Udhaya-kumar-N,1,0,0,0,0,[68311]
Sudarshan180392,1,0,0,0,0,[68305]
mika943,1,0,0,0,0,[68300]
Psst02,1,0,0,0,0,[68299]
naresh-coder123,1,0,1,0,1,[68283]
aksantimyakaroland,1,0,0,1,1,[68273]
Budatichethana,1,0,0,0,0,[68270]
ayyagarisujanreddy123,1,0,0,0,0,[68253]
royalknight71,1,0,0,0,0,[68248]
NidhiPednekar,1,0,0,0,0,[68246]
PricedTuna,1,0,0,0,0,[68225]
Eghani,1,0,0,0,0,[68224]
AlistairHeus,1,0,0,0,0,[68220]
omarhossdev,1,0,0,0,0,[68207]
TScom-dew,1,0,0,0,0,[68192]
rixyll,1,0,1,0,1,[68186]
RandomPerson208,1,0,1,0,1,[68184]
Shush-6,1,0,1,0,1,[68182]
asura-king-sys,1,2,0,1,3,[68174]
karthi1048,1,0,0,0,0,[68173]
AsthaChoudhury,1,0,0,0,0,[68166]
jayasimha-reddy-code,1,0,0,0,0,[68151]
Soubhagya003,1,0,0,0,0,[68143]
Lonny154,1,1,0,1,2,[68141]
Atulya-Juyal,1,0,0,0,0,[68136]
Pranav-0018,1,0,0,0,0,[68133]
umang-jpg,1,0,0,0,0,[68105]
itsmdshahin,1,0,0,0,0,[68094]
vrbaghel,1,0,0,0,0,[68089]
amaad31,1,0,0,0,0,[68088]
ferdefalco,1,0,0,0,0,[68074]
Dhananjay0376,1,0,0,0,0,[68060]
Javedshah11,1,0,0,0,0,[68058]
tejasz29,1,1,0,1,2,[68044]
gustavopurkoot,1,0,0,0,0,[68034]
DogAwesome21,1,0,0,0,0,[68025]
Mayank777-hub,1,1,0,1,2,[68006]
oLucasJard,1,2,0,1,3,[67997]
divyaanshupal,1,0,0,1,1,[67989]
bikeshgyawali,1,0,1,0,1,[67981]
Vanishagupta18,1,1,1,3,5,[67973]
Adarsh-N-Mogaveera,1,0,1,0,1,[67972]
mariamanbar,1,0,1,0,1,[67968]
moT01,4,54,0,14,68,"[65864, 66191, 67749, 67961]"
dragon-slayer27,3,2,0,2,4,"[67832, 67861, 67960]"
Anurag-Mishra2006,3,1,1,3,5,"[67774, 67813, 67935]"
Mudassir55,1,0,0,0,0,[67915]
lissy93,1,0,3,0,3,[67911]
flopez0294,1,0,0,0,0,[67910]
omarkurtovic,1,0,0,0,0,[67905]
ezforhamza,1,0,0,0,0,[67902]
kmohan12-code,1,0,0,0,0,[67892]
mahimathacker,1,0,0,0,0,[67889]
kavyabhand,1,2,0,3,5,[67879]
debojeetmitra,1,1,0,1,2,[67864]
Medo-ID,1,1,1,1,3,[67859]
Kd1880,2,1,2,2,5,"[67783, 67854]"
jimjoice2804,2,2,0,2,4,"[67779, 67828]"
andiedoescode,1,4,0,3,7,[67799]
nico457,1,1,0,4,5,[67794]
rustom-yadav,1,4,0,4,8,[67782]
Ahmed-Aashour,1,0,0,0,0,[67778]
Venkat-Entropik,5,6,0,6,12,"[66247, 66934, 67019, 67724, 67776]"
TJForrest,1,1,0,1,2,[67761]
BilgeGates,2,0,3,1,4,"[67609, 67753]"
meaqua9420,1,0,0,0,0,[67734]
Sidak-321,1,0,0,0,0,[67733]
Akshatshukla-25,2,0,0,0,0,"[67708, 67731]"
Laurence165,1,0,0,0,0,[67710]
Aman-Hegde,1,3,1,2,6,[67700]
Mitraaxx,1,1,1,1,3,[67685]
anup48045,1,0,0,0,0,[67679]
Yachna-123,1,0,0,1,1,[67660]
santiyorio,1,0,1,0,1,[67648]
Rehan-M-395,1,0,0,0,0,[67647]
Nithin0620,1,0,0,0,0,[67624]
GandotraDiya,1,1,0,1,2,[67607]
adul11s,1,0,1,0,1,[67603]
HAWKZ4,1,0,1,1,2,[67558]
divy-dawda,1,0,0,0,0,[67542]
Barreratomas,1,0,0,0,0,[67539]
Baisayan,1,0,0,0,0,[67533]
imayuss,1,0,1,0,1,[67532]
deb2000-sudo,1,0,0,0,0,[67531]
shreesakhi-ch,1,1,0,1,2,[67529]
bindpratapsingh,1,0,0,0,0,[67527]
jdwilkin4,2,1,0,0,1,"[66343, 67513]"
priyanshupundir,1,0,0,0,0,[67467]
narasimhan-lakshmi,3,5,0,3,8,"[67424, 67426, 67441]"
HarshMangaraj,1,0,0,0,0,[67414]
vinodM09,1,0,0,0,0,[67406]
HritikKaushik,2,0,0,0,0,"[67360, 67361]"
MukundaKatta,1,0,0,0,0,[67330]
PaperCodeGithub,1,0,0,0,0,[67328]
atharv96k,1,0,0,0,0,[67325]
Jeevankumar-s,16,47,7,38,92,"[65666, 65686, 65739, 65748, 65752, 65841, 65856, 65876, 65884, 65885, 65899, 65924, 65927, 65980, 66140, 67159]"
AyushK5ingh,3,1,4,1,6,"[66965, 67044, 67055]"
ohchanwu,1,0,0,0,0,[66981]
lakshay122007,1,2,0,1,3,[66937]
Umesh-Tiruvalluru,1,1,0,4,5,[66890]
KadamPrasad01,1,0,0,0,0,[66526]
p-rhodes,1,0,0,0,0,[66474]
Harshithk951,1,0,0,1,1,[66458]
shOumik-saha,1,0,0,0,0,[66417]
octavio-js,2,2,3,2,7,"[66398, 66399]"
ragini-pandey,4,4,2,4,10,"[65642, 66027, 66070, 66355]"
Julien-Desbard,1,0,0,0,0,[66351]
larymak,1,2,0,1,3,[66269]
ekwak47,1,0,0,0,0,[66265]
zairahira,5,37,3,9,49,"[65778, 66007, 66250, 66255, 66256]"
Anshit-Sony,1,0,0,0,0,[66236]
Fixito,1,0,0,2,2,[66235]
phoenix66666,1,0,0,0,0,[66232]
abhishekDeshmukh74,1,0,0,0,0,[66216]
LGH831,1,22,4,7,33,[66197]
PrafulVRaj,1,0,0,0,0,[66149]
gangulysiddhartha22-cmyk,1,0,0,0,0,[66143]
a2937,2,1,0,1,2,"[65879, 66132]"
imsanupm,1,2,1,2,5,[66130]
ash-win19,1,2,5,2,9,[66124]
cesarinsalad,1,0,0,0,0,[66122]
iAakash1,1,0,0,2,2,[66116]
lockinginfor2026-arch,1,0,1,0,1,[66113]
thefool309,1,0,0,0,0,[66112]
Aryankpoor,1,0,0,0,0,[66082]
jordantrent,1,0,0,0,0,[66080]
MostafaElsehy,1,0,0,0,0,[66004]
CaliYost,1,0,3,0,3,[65948]
shubham-t-rai,1,0,0,0,0,[65945]
tarant28,1,0,2,0,2,[65917]
AnanthuNarashimman,1,0,1,0,1,[65914]
Raam751,1,0,1,0,1,[65831]
scissorsneedfoodtoo,1,0,0,0,0,[65799]
Sukruthr,1,0,0,0,0,[65764]
SilentDeath53,1,0,2,1,3,[65750]
bengguankoay,1,7,1,5,13,[65725]
kiruthikadev-r,1,0,0,1,1,[65716]
ojeytonwilliams,1,0,0,0,0,[65701]
ahmaxed,1,0,0,0,0,[65694]
Shashikant2005,1,0,0,1,1,[65649]
