Reviewed For different PR Authors,Total PRs Reviewed by huyenltnguyen since 2026-02-01,Total Code Review Comments,Total PR Issue Comments,Total PR Review Comments,Total All Comments Made,PR# List
muhammadali-se,1,0,0,0,0,[69542]
Dario-DC,2,0,0,0,0,"[65709, 69538]"
noqokhxnh,1,0,0,0,0,[69536]
lberge17,1,0,0,0,0,[69531]
Pastalikek65,1,2,0,1,3,[69530]
Dazzanova,2,1,0,1,2,"[69400, 69527]"
syedsohailhussain1,1,0,0,0,0,[69516]
Anwiii,1,0,0,0,0,[69513]
Kunal241207,2,0,0,0,0,"[69177, 69512]"
abdulwaarith0,1,0,0,0,0,[69510]
Lavanya-N24,1,0,0,0,0,[69492]
AzazelSensei,1,0,0,0,0,[69486]
ojeytonwilliams,9,0,0,0,0,"[65680, 65715, 65835, 65837, 66311, 66328, 66350, 67280, 69474]"
Sembauke,14,9,3,5,17,"[65647, 65650, 65729, 65897, 66344, 66390, 66402, 66407, 66418, 66424, 66572, 67185, 68879, 69472]"
Supravisor,8,3,1,2,6,"[66724, 66824, 67149, 67233, 69261, 69352, 69452, 69454]"
sk-nayaz,1,0,0,0,0,[69451]
caige13,1,0,0,0,0,[69447]
wehamed,1,0,0,0,0,[69423]
soumyakumari0205-svg,1,1,0,1,2,[69411]
minutechreview,1,0,0,0,0,[69401]
raitaskeen,1,0,0,0,0,[69385]
Rashid0312,1,0,0,0,0,[69379]
ShaunSHamilton,9,0,0,0,0,"[67253, 67455, 67687, 68439, 68594, 68735, 68894, 69010, 69351]"
manjushree66,1,0,0,0,0,[69272]
duna-akin,1,0,0,0,0,[69263]
nmleuz,1,0,0,0,0,[69260]
aryanraj7791,1,0,0,0,0,[69259]
moT01,5,0,0,0,0,"[66223, 66357, 66715, 68079, 69256]"
raahu1l,1,0,0,0,0,[69201]
Funmax365,1,0,0,0,0,[69161]
developmentwithparth1311,1,0,0,0,0,[69155]
nahidh-os,1,0,0,0,0,[69049]
akashwi,1,0,0,0,0,[69048]
vinniit-23,1,0,0,0,0,[69044]
syeda-hira-batool,1,0,0,0,0,[69043]
ashis-baral,1,0,0,0,0,[69041]
anupamme,1,1,0,1,2,[69036]
khushi-gupta-dev,1,0,0,0,0,[69034]
santhiprakash,1,0,0,0,0,[69030]
majestic-owl448,4,1,0,1,2,"[66400, 66427, 67198, 68994]"
DanielRosa74,7,1,0,2,3,"[66381, 66518, 66617, 66623, 66823, 66882, 68882]"
Priyadharshinidhandapani,1,1,0,1,2,[68782]
byte-Raccoon,1,0,0,0,0,[68761]
typovrak,1,0,0,0,0,[68754]
thetalhamubarak,1,0,0,0,0,[68743]
rarestpreet,1,0,0,0,0,[68683]
vijaykiran06,1,0,0,0,0,[68679]
Vader069,1,0,1,0,1,[68675]
Arpit483,1,0,0,0,0,[68662]
Mohith174,1,0,0,0,0,[68661]
neetcodeprogress-lang,1,0,0,0,0,[68660]
qsy123-coder,1,0,0,0,0,[68647]
SK-Sathyavada-008,1,1,0,1,2,[68634]
PuddleOfFat,1,0,0,0,0,[68631]
imsomilg,1,0,0,0,0,[68619]
priyanshubarnwal122-ai,1,0,0,0,0,[68491]
klaus007p,1,1,0,1,2,[68435]
TruptiAgrawal,1,1,0,1,2,[68330]
Jaun-van-Deventer,1,0,0,0,0,[68099]
rohanbyale,1,1,0,1,2,[68083]
fraternebahirwe,1,4,1,1,6,[68000]
TEE0207,2,1,0,1,2,"[67317, 67959]"
TechGenius-Karan,1,5,0,1,6,[67932]
saugatkarke,1,0,0,0,0,[67929]
KaushikBalaji05,1,0,0,0,0,[67927]
pdtrang,1,0,0,0,0,[67815]
fremendes,1,0,0,0,0,[67756]
ms-misty-eyed,1,0,0,0,0,[67728]
annafreidl,1,0,0,0,0,[67691]
TheSeydiCharyyev,1,0,0,0,0,[67595]
Vanishagupta18,1,0,0,0,0,[67573]
DanielcoderIA,1,0,0,0,0,[67528]
Rafaelkocharli,1,0,0,0,0,[67514]
jdwilkin4,18,19,0,0,19,"[66089, 66218, 66228, 66315, 66316, 66406, 66409, 66447, 66513, 66528, 66553, 66616, 67069, 67081, 67082, 67102, 67106, 67513]"
yaseen-vm,1,0,0,0,0,[67508]
vipin8797,1,0,0,0,0,[67475]
wittjeff,1,0,0,0,0,[67454]
tenzin-4776,1,0,0,0,0,[67411]
debabratasaha-dev,1,0,0,0,0,[67410]
vinodM09,1,0,0,0,0,[67408]
clarencepenz,6,1,0,1,2,"[67103, 67398, 67399, 67401, 67403, 67405]"
caio-bittencourt,4,6,0,4,10,"[67130, 67400, 67402, 67404]"
moaedy,1,0,0,0,0,[67395]
Agent-A345,1,0,0,0,0,[67262]
Ksound22,5,0,0,0,0,"[66654, 66727, 66728, 67251, 67261]"
bdtripp,1,1,0,1,2,[67195]
AyushK5ingh,2,0,0,0,0,"[67087, 67099]"
AdityaSinghWebDev,1,4,1,2,7,[67075]
AdityaSingh-18,3,0,0,0,0,"[65808, 66090, 66909]"
riddhimachawla,1,0,0,0,0,[66905]
raisedadead,6,0,0,0,0,"[66136, 66626, 66754, 66792, 66826, 66869]"
anastasiiauk,8,1,0,0,1,"[66619, 66628, 66712, 66739, 66768, 66843, 66855, 66865]"
TuomasJalonen,1,0,0,0,0,[66801]
narasimhan-lakshmi,2,0,0,0,0,"[66767, 66775]"
Tiago-Vier-Preto,1,0,0,0,0,[66770]
GalacticAvenger,1,0,0,0,0,[66755]
amish-pratap-singh-1,1,0,0,0,0,[66746]
Misrilal-Sah,1,0,0,0,0,[66698]
danzolotov,1,0,0,0,0,[66608]
AsmaAouiti,1,0,0,0,0,[66566]
nieldakarla,1,0,0,0,0,[66550]
octavio-js,2,2,0,1,3,"[66398, 66399]"
c0d1ng-ma5ter,1,0,0,0,0,[66397]
RafaelDavisH,1,0,1,0,1,[66353]
farchettiensis,1,0,0,0,0,[66349]
larymak,1,0,0,0,0,[66251]
timmy471,1,0,0,0,0,[66229]
thor8126,1,0,0,0,0,[66208]
MalakGdaea,1,0,0,0,0,[66203]
renyapeter,1,0,0,0,0,[66190]
umutKaracelebi,1,0,0,0,0,[65951]
scissorsneedfoodtoo,1,0,0,0,0,[65802]
FBID10,1,0,0,0,0,[65753]
jeeva-004,1,0,0,0,0,[65719]
