PR#,Review Time,Review Time (mins),Code Review Comments,PR Issue Comments,PR Review Comments,Total Comments,PR Ready On,PR Merged On,Ready->Merge,PR Author,PR URL
48390,0s,0,0,0,0,0,2022-11-04T12:25:18Z,2022-11-04T13:09:11Z,43m 53s,camperbot,https://github.com/freeCodeCamp/freeCodeCamp/pull/48390
48388,0s,0,3,0,1,4,2022-11-04T09:40:15Z,2022-11-04T11:06:48Z,1h 26m 33s,ojeytonwilliams,https://github.com/freeCodeCamp/freeCodeCamp/pull/48388
48386,0s,0,0,0,0,0,2022-11-04T00:13:01Z,2022-11-04T05:13:46Z,5h 0m 45s,ShaunSHamilton,https://github.com/freeCodeCamp/freeCodeCamp/pull/48386
48384,3h,180,0,0,0,0,2022-11-03T18:50:12Z,2022-11-04T05:17:58Z,10h 27m 46s,ppeters0502,https://github.com/freeCodeCamp/freeCodeCamp/pull/48384
48372,4h 0m 3s,240,0,0,0,0,2022-11-02T13:07:35Z,2022-11-02T17:24:25Z,4h 16m 50s,camperbot,https://github.com/freeCodeCamp/freeCodeCamp/pull/48372
48364,50m 8s,50,0,0,0,0,2022-11-01T13:16:13Z,2022-11-01T14:06:23Z,50m 10s,camperbot,https://github.com/freeCodeCamp/freeCodeCamp/pull/48364
48363,1h 6m,66,0,0,0,0,2022-11-01T12:11:42Z,2022-11-01T14:07:09Z,1h 55m 27s,camperbot,https://github.com/freeCodeCamp/freeCodeCamp/pull/48363
48355,49m 10s,49,0,0,0,0,2022-10-31T13:16:27Z,2022-10-31T14:05:45Z,49m 18s,camperbot,https://github.com/freeCodeCamp/freeCodeCamp/pull/48355
48354,0s,0,0,0,0,0,2022-10-31T12:48:17Z,2022-11-01T11:28:00Z,22h 39m 43s,ahmadabdolsaheb,https://github.com/freeCodeCamp/freeCodeCamp/pull/48354
48353,1h 5m,65,0,0,0,0,2022-10-31T12:25:02Z,2022-10-31T15:23:00Z,2h 57m 58s,camperbot,https://github.com/freeCodeCamp/freeCodeCamp/pull/48353
48352,1h 5m,65,0,0,0,0,2022-10-31T12:11:25Z,2022-10-31T17:14:00Z,5h 2m 35s,camperbot,https://github.com/freeCodeCamp/freeCodeCamp/pull/48352
48291,23s,0,0,0,0,0,2022-10-28T13:09:08Z,2022-10-28T14:39:50Z,1h 30m 42s,camperbot,https://github.com/freeCodeCamp/freeCodeCamp/pull/48291
48289,0s,0,0,0,1,1,2022-10-28T12:22:06Z,2022-10-29T06:29:37Z,18h 7m 31s,miyaliu666,https://github.com/freeCodeCamp/freeCodeCamp/pull/48289
48288,0s,0,0,0,0,0,2022-10-28T12:11:58Z,2022-10-28T12:43:55Z,31m 57s,camperbot,https://github.com/freeCodeCamp/freeCodeCamp/pull/48288
48277,2h 43m 36s,163,0,0,0,0,2022-10-27T13:16:32Z,2022-10-27T17:21:48Z,4h 5m 16s,camperbot,https://github.com/freeCodeCamp/freeCodeCamp/pull/48277
48276,3h,180,0,0,0,0,2022-10-27T12:11:31Z,2022-10-27T16:00:40Z,3h 49m 9s,camperbot,https://github.com/freeCodeCamp/freeCodeCamp/pull/48276
48268,5h 36m,336,0,0,0,0,2022-10-26T17:34:04Z,2022-10-27T14:36:48Z,21h 2m 44s,nayabatir1,https://github.com/freeCodeCamp/freeCodeCamp/pull/48268
48262,0s,0,0,0,0,0,2022-10-26T12:25:02Z,2022-10-26T20:36:50Z,8h 11m 48s,camperbot,https://github.com/freeCodeCamp/freeCodeCamp/pull/48262
48260,0s,0,0,0,0,0,2022-10-26T12:12:39Z,2022-10-26T17:03:12Z,4h 50m 33s,camperbot,https://github.com/freeCodeCamp/freeCodeCamp/pull/48260
48250,0s,0,0,0,0,0,2022-10-25T12:25:39Z,2022-10-26T12:15:41Z,23h 50m 2s,camperbot,https://github.com/freeCodeCamp/freeCodeCamp/pull/48250
48249,0s,0,0,0,0,0,2022-10-25T12:12:30Z,2022-10-26T09:07:06Z,20h 54m 36s,camperbot,https://github.com/freeCodeCamp/freeCodeCamp/pull/48249
48245,1h 39m,99,5,0,3,8,2022-10-25T07:16:46Z,2022-10-28T06:13:09Z,2d 22h 56m 23s,Sboonny,https://github.com/freeCodeCamp/freeCodeCamp/pull/48245
48212,16h 40m,1000,0,0,0,0,2022-10-22T20:20:47Z,2022-10-26T09:37:50Z,3d 13h 17m 3s,renovate[bot],https://github.com/freeCodeCamp/freeCodeCamp/pull/48212
48204,0s,0,0,1,0,1,2022-10-22T13:00:10Z,2022-10-22T14:04:22Z,1h 4m 12s,AndrewDawes,https://github.com/freeCodeCamp/freeCodeCamp/pull/48204
48177,52m 36s,52,0,0,0,0,2022-10-21T17:13:25Z,2022-10-21T18:06:08Z,52m 43s,Sboonny,https://github.com/freeCodeCamp/freeCodeCamp/pull/48177
48171,4h 51m 31s,291,0,0,0,0,2022-10-21T13:13:18Z,2022-10-21T18:04:50Z,4h 51m 32s,camperbot,https://github.com/freeCodeCamp/freeCodeCamp/pull/48171
48169,4h 16m,256,0,0,0,0,2022-10-21T12:20:34Z,2022-10-21T17:17:04Z,4h 56m 30s,Prince-Mendiratta,https://github.com/freeCodeCamp/freeCodeCamp/pull/48169
48168,5h 3m,303,0,0,0,0,2022-10-21T12:11:42Z,2022-10-21T18:03:54Z,5h 52m 12s,camperbot,https://github.com/freeCodeCamp/freeCodeCamp/pull/48168
48158,8h 24m,504,0,1,0,1,2022-10-20T17:31:14Z,2022-10-21T17:25:42Z,23h 54m 28s,jeremylt,https://github.com/freeCodeCamp/freeCodeCamp/pull/48158
48144,13h 16m,796,0,0,0,0,2022-10-25T18:26:40Z,2022-10-27T14:50:59Z,1d 20h 24m 19s,Sboonny,https://github.com/freeCodeCamp/freeCodeCamp/pull/48144
48143,16h 40m,1000,0,0,0,0,2022-10-19T17:18:39Z,2022-10-21T17:23:04Z,2d 0h 4m 25s,ShaunSHamilton,https://github.com/freeCodeCamp/freeCodeCamp/pull/48143
48142,6h,360,0,0,1,1,2022-10-19T16:48:59Z,2022-10-25T07:06:18Z,5d 14h 17m 19s,moT01,https://github.com/freeCodeCamp/freeCodeCamp/pull/48142
48139,23m 8s,23,0,0,0,0,2022-10-19T13:06:53Z,2022-10-19T17:01:09Z,3h 54m 16s,camperbot,https://github.com/freeCodeCamp/freeCodeCamp/pull/48139
48137,0s,0,0,0,0,0,2022-10-19T12:25:01Z,2022-10-19T16:47:55Z,4h 22m 54s,camperbot,https://github.com/freeCodeCamp/freeCodeCamp/pull/48137
48136,0s,0,0,0,0,0,2022-10-19T12:11:38Z,2022-10-19T17:01:31Z,4h 49m 53s,camperbot,https://github.com/freeCodeCamp/freeCodeCamp/pull/48136
48130,8h 49m,529,0,0,0,0,2022-10-19T07:00:20Z,2022-10-19T21:49:39Z,14h 49m 19s,Sboonny,https://github.com/freeCodeCamp/freeCodeCamp/pull/48130
48127,8h 50m,530,0,0,0,0,2022-10-19T06:04:29Z,2022-10-19T21:51:18Z,15h 46m 49s,Sboonny,https://github.com/freeCodeCamp/freeCodeCamp/pull/48127
48111,57m 55s,57,0,0,0,0,2022-10-18T13:05:36Z,2022-10-18T14:21:01Z,1h 15m 25s,camperbot,https://github.com/freeCodeCamp/freeCodeCamp/pull/48111
48110,1h 26m,86,0,0,0,0,2022-10-18T12:25:12Z,2022-10-18T14:26:44Z,2h 1m 32s,camperbot,https://github.com/freeCodeCamp/freeCodeCamp/pull/48110
48109,1h 2m,62,0,0,0,0,2022-10-18T12:12:02Z,2022-10-18T14:02:24Z,1h 50m 22s,camperbot,https://github.com/freeCodeCamp/freeCodeCamp/pull/48109
48099,1h 43m,103,0,0,0,0,2022-10-17T12:25:17Z,2022-10-17T14:43:45Z,2h 18m 28s,camperbot,https://github.com/freeCodeCamp/freeCodeCamp/pull/48099
48093,1h 9m,69,0,0,0,0,2022-10-17T00:38:40Z,2022-10-17T14:09:35Z,13h 30m 55s,michpara,https://github.com/freeCodeCamp/freeCodeCamp/pull/48093
48086,4h 34m,274,0,0,0,0,2022-10-16T18:51:32Z,2022-10-17T18:03:37Z,23h 12m 5s,Kroustille,https://github.com/freeCodeCamp/freeCodeCamp/pull/48086
48062,0s,0,0,0,0,0,2022-10-15T12:02:42Z,2022-10-15T12:55:48Z,53m 6s,renovate[bot],https://github.com/freeCodeCamp/freeCodeCamp/pull/48062
48046,1h,60,0,0,0,0,2022-10-14T20:41:39Z,2022-10-15T09:04:36Z,12h 22m 57s,naomi-lgbt,https://github.com/freeCodeCamp/freeCodeCamp/pull/48046
48045,25m 52s,25,0,0,0,0,2022-10-14T18:33:05Z,2022-10-14T20:05:39Z,1h 32m 34s,naomi-lgbt,https://github.com/freeCodeCamp/freeCodeCamp/pull/48045
48036,40m,40,0,0,0,0,2022-10-14T12:24:46Z,2022-10-14T13:40:47Z,1h 16m 1s,camperbot,https://github.com/freeCodeCamp/freeCodeCamp/pull/48036
48030,1d 3h 54m,1674,0,0,0,0,2022-10-13T18:18:01Z,2022-10-19T09:05:30Z,5d 14h 47m 29s,saiharvin,https://github.com/freeCodeCamp/freeCodeCamp/pull/48030
48025,7h 58m,478,2,0,1,3,2022-10-14T07:50:30Z,2022-10-18T20:59:04Z,4d 13h 8m 34s,scissorsneedfoodtoo,https://github.com/freeCodeCamp/freeCodeCamp/pull/48025
48022,0s,0,0,0,0,0,2022-10-13T12:25:00Z,2022-10-13T13:30:46Z,1h 5m 46s,camperbot,https://github.com/freeCodeCamp/freeCodeCamp/pull/48022
48021,0s,0,0,0,0,0,2022-10-13T12:11:39Z,2022-10-13T12:36:45Z,25m 6s,camperbot,https://github.com/freeCodeCamp/freeCodeCamp/pull/48021
48010,1d 1h 46m,1546,0,0,0,0,2022-10-12T17:37:35Z,2022-10-17T17:32:40Z,4d 23h 55m 5s,nayabatir1,https://github.com/freeCodeCamp/freeCodeCamp/pull/48010
48005,1h 33m 18s,93,0,0,0,0,2022-10-12T14:39:01Z,2022-10-13T09:26:10Z,18h 47m 9s,carrotfarmer,https://github.com/freeCodeCamp/freeCodeCamp/pull/48005
47993,0s,0,0,0,0,0,2022-10-12T06:12:22Z,2022-10-12T06:20:39Z,8m 17s,scissorsneedfoodtoo,https://github.com/freeCodeCamp/freeCodeCamp/pull/47993
47990,0s,0,0,0,0,0,2022-10-11T21:45:01Z,2022-10-12T07:05:43Z,9h 20m 42s,jeremylt,https://github.com/freeCodeCamp/freeCodeCamp/pull/47990
47989,1h,60,0,0,0,0,2022-10-11T20:47:37Z,2022-10-12T10:36:02Z,13h 48m 25s,Prince-Mendiratta,https://github.com/freeCodeCamp/freeCodeCamp/pull/47989
47988,1h,60,0,2,0,2,2022-10-11T20:19:59Z,2022-10-12T08:11:12Z,11h 51m 13s,aniketsinha2002,https://github.com/freeCodeCamp/freeCodeCamp/pull/47988
47982,32m 8s,32,0,0,0,0,2022-10-11T15:41:54Z,2022-10-11T19:53:33Z,4h 11m 39s,ojeytonwilliams,https://github.com/freeCodeCamp/freeCodeCamp/pull/47982
47979,2m 45s,2,0,0,0,0,2022-10-11T13:04:30Z,2022-10-11T14:34:00Z,1h 29m 30s,camperbot,https://github.com/freeCodeCamp/freeCodeCamp/pull/47979
47977,8m,8,0,0,0,0,2022-10-11T12:25:18Z,2022-10-11T13:08:33Z,43m 15s,camperbot,https://github.com/freeCodeCamp/freeCodeCamp/pull/47977
47976,9m,9,0,0,0,0,2022-10-11T12:11:55Z,2022-10-11T13:09:15Z,57m 20s,camperbot,https://github.com/freeCodeCamp/freeCodeCamp/pull/47976
47964,2h 11m 5s,131,0,0,1,1,2022-10-10T13:21:18Z,2022-10-10T15:34:10Z,2h 12m 52s,ahmadabdolsaheb,https://github.com/freeCodeCamp/freeCodeCamp/pull/47964
47960,0s,0,1,0,1,2,2022-10-10T08:25:45Z,2022-10-10T10:48:58Z,2h 23m 13s,Sboonny,https://github.com/freeCodeCamp/freeCodeCamp/pull/47960
47959,1d 4h 31m,1711,0,0,0,0,2022-10-10T08:04:31Z,2022-10-17T17:31:17Z,7d 9h 26m 46s,KravMaguy,https://github.com/freeCodeCamp/freeCodeCamp/pull/47959
47955,0s,0,0,0,0,0,2022-10-09T21:43:01Z,2022-10-10T09:55:05Z,12h 12m 4s,naomi-lgbt,https://github.com/freeCodeCamp/freeCodeCamp/pull/47955
47953,0s,0,0,1,0,1,2022-10-09T17:50:51Z,2022-10-09T20:19:27Z,2h 28m 36s,nayabatir1,https://github.com/freeCodeCamp/freeCodeCamp/pull/47953
47942,0s,0,0,2,0,2,2022-10-09T06:20:41Z,2022-10-11T14:02:31Z,2d 7h 41m 50s,Ayush-singla27,https://github.com/freeCodeCamp/freeCodeCamp/pull/47942
47940,0s,0,0,0,0,0,2022-10-08T22:19:09Z,2022-10-09T05:14:07Z,6h 54m 58s,naomi-lgbt,https://github.com/freeCodeCamp/freeCodeCamp/pull/47940
47922,0s,0,0,0,0,0,2022-10-08T07:17:48Z,2022-10-08T08:10:22Z,52m 34s,paulaxisabel,https://github.com/freeCodeCamp/freeCodeCamp/pull/47922
47910,4h,240,0,0,0,0,2022-10-07T17:35:48Z,2022-10-08T09:02:10Z,15h 26m 22s,ShaunSHamilton,https://github.com/freeCodeCamp/freeCodeCamp/pull/47910
47899,2h 44m 44s,164,0,0,0,0,2022-10-07T13:02:40Z,2022-10-07T15:48:40Z,2h 46m,camperbot,https://github.com/freeCodeCamp/freeCodeCamp/pull/47899
47898,0s,0,0,0,0,0,2022-10-07T12:40:53Z,2022-10-07T12:58:10Z,17m 17s,ojeytonwilliams,https://github.com/freeCodeCamp/freeCodeCamp/pull/47898
47896,2h 48m,168,0,0,0,0,2022-10-07T12:11:41Z,2022-10-07T15:49:14Z,3h 37m 33s,camperbot,https://github.com/freeCodeCamp/freeCodeCamp/pull/47896
47894,4h 10m,250,0,6,0,6,2022-10-07T11:37:37Z,2022-10-11T14:37:07Z,4d 2h 59m 30s,Anuran12,https://github.com/freeCodeCamp/freeCodeCamp/pull/47894
47892,0s,0,0,0,0,0,2022-10-07T10:24:08Z,2022-10-07T12:42:38Z,2h 18m 30s,surajrane42,https://github.com/freeCodeCamp/freeCodeCamp/pull/47892
47890,5h,300,1,4,1,6,2022-10-07T09:41:45Z,2022-10-08T08:11:22Z,22h 29m 37s,Prince-Mendiratta,https://github.com/freeCodeCamp/freeCodeCamp/pull/47890
47886,10m,10,0,0,0,0,2022-10-07T12:41:17Z,2022-10-11T13:10:26Z,4d 0h 29m 9s,Nirajn2311,https://github.com/freeCodeCamp/freeCodeCamp/pull/47886
47885,0s,0,0,1,1,2,2022-10-07T07:41:52Z,2022-10-07T08:50:45Z,1h 8m 53s,naomi-lgbt,https://github.com/freeCodeCamp/freeCodeCamp/pull/47885
47883,0s,0,0,1,0,1,2022-10-07T06:19:49Z,2022-10-11T15:25:56Z,4d 9h 6m 7s,sadikkuzu,https://github.com/freeCodeCamp/freeCodeCamp/pull/47883
47870,4d 1h 32m,5852,0,0,0,0,2022-10-06T15:43:41Z,2022-10-21T17:22:16Z,15d 1h 38m 35s,saw-jan,https://github.com/freeCodeCamp/freeCodeCamp/pull/47870
47869,1h 42m 20s,102,0,0,0,0,2022-10-06T13:07:05Z,2022-10-06T14:49:27Z,1h 42m 22s,camperbot,https://github.com/freeCodeCamp/freeCodeCamp/pull/47869
47868,1h 49m,109,0,0,0,0,2022-10-06T12:25:18Z,2022-10-06T14:49:48Z,2h 24m 30s,camperbot,https://github.com/freeCodeCamp/freeCodeCamp/pull/47868
47856,1m 47s,1,0,0,0,0,2022-10-05T15:18:40Z,2022-10-05T17:12:51Z,1h 54m 11s,zairahira,https://github.com/freeCodeCamp/freeCodeCamp/pull/47856
47853,7h,420,0,0,0,0,2022-10-05T14:38:36Z,2022-10-06T10:37:54Z,19h 59m 18s,k-rajat19,https://github.com/freeCodeCamp/freeCodeCamp/pull/47853
47851,14m 13s,14,0,0,0,0,2022-10-05T13:05:08Z,2022-10-05T14:07:55Z,1h 2m 47s,camperbot,https://github.com/freeCodeCamp/freeCodeCamp/pull/47851
47850,18m,18,0,0,0,0,2022-10-05T12:24:55Z,2022-10-05T13:34:57Z,1h 10m 2s,camperbot,https://github.com/freeCodeCamp/freeCodeCamp/pull/47850
47849,19m,19,0,0,0,0,2022-10-05T12:10:50Z,2022-10-05T13:24:12Z,1h 13m 22s,camperbot,https://github.com/freeCodeCamp/freeCodeCamp/pull/47849
47841,1d 12h 43m,2203,0,0,0,0,2022-10-04T23:30:56Z,2022-10-11T18:02:48Z,6d 18h 31m 52s,alekzandriia,https://github.com/freeCodeCamp/freeCodeCamp/pull/47841
47840,0s,0,0,0,0,0,2022-10-04T23:19:42Z,2022-10-05T08:19:50Z,9h 0m 8s,camperbot,https://github.com/freeCodeCamp/freeCodeCamp/pull/47840
47836,3d 20h 23m,5543,0,1,1,2,2022-10-04T19:13:27Z,2022-10-20T10:44:36Z,15d 15h 31m 9s,webpro,https://github.com/freeCodeCamp/freeCodeCamp/pull/47836
47821,4h 31m 10s,271,0,0,0,0,2022-10-04T13:04:26Z,2022-10-04T17:35:37Z,4h 31m 11s,camperbot,https://github.com/freeCodeCamp/freeCodeCamp/pull/47821
47820,4h 35m,275,0,0,0,0,2022-10-04T12:12:15Z,2022-10-04T17:36:08Z,5h 23m 53s,camperbot,https://github.com/freeCodeCamp/freeCodeCamp/pull/47820
47815,0s,0,0,0,0,0,2022-10-04T07:27:59Z,2022-10-04T08:26:13Z,58m 14s,ojeytonwilliams,https://github.com/freeCodeCamp/freeCodeCamp/pull/47815
47808,2d 18h 24m,3984,0,2,0,2,2022-10-03T19:03:11Z,2022-10-14T07:16:07Z,10d 12h 12m 56s,Saul-BT,https://github.com/freeCodeCamp/freeCodeCamp/pull/47808
47807,3h,180,0,0,0,0,2022-10-03T18:23:27Z,2022-10-04T18:39:54Z,1d 0h 16m 27s,naomi-lgbt,https://github.com/freeCodeCamp/freeCodeCamp/pull/47807
47799,2d 12h 40m,3640,0,3,0,3,2022-10-03T13:56:56Z,2022-10-11T22:54:26Z,8d 8h 57m 30s,Prathamesh010,https://github.com/freeCodeCamp/freeCodeCamp/pull/47799
47793,0s,0,0,1,0,1,2022-10-03T11:28:02Z,2022-10-03T12:27:21Z,59m 19s,k-rajat19,https://github.com/freeCodeCamp/freeCodeCamp/pull/47793
47791,4d 4h 21m,6021,0,1,0,1,2022-10-03T09:20:32Z,2022-10-21T17:21:43Z,18d 8h 1m 11s,saw-jan,https://github.com/freeCodeCamp/freeCodeCamp/pull/47791
47767,1d 5h 6m,1746,0,0,0,0,2022-10-02T00:49:09Z,2022-10-06T15:57:40Z,4d 15h 8m 31s,dannygr664,https://github.com/freeCodeCamp/freeCodeCamp/pull/47767
47764,1d 3h 17m,1637,0,0,0,0,2022-10-01T20:11:23Z,2022-10-06T15:44:16Z,4d 19h 32m 53s,bbsmooth,https://github.com/freeCodeCamp/freeCodeCamp/pull/47764
47718,0s,0,0,0,0,0,2022-10-01T06:13:47Z,2022-10-01T20:27:54Z,14h 14m 7s,tanmaythakral,https://github.com/freeCodeCamp/freeCodeCamp/pull/47718
47659,2d 19h 41m,4061,1,0,2,3,2022-09-29T14:02:40Z,2022-10-11T11:21:23Z,11d 21h 18m 43s,Hdanzo,https://github.com/freeCodeCamp/freeCodeCamp/pull/47659
47650,0s,0,0,1,0,1,2022-09-29T01:49:13Z,2022-09-29T05:50:24Z,4h 1m 11s,scissorsneedfoodtoo,https://github.com/freeCodeCamp/freeCodeCamp/pull/47650
47648,1h 4m 9s,64,0,0,0,0,2022-09-28T13:05:37Z,2022-09-28T14:09:48Z,1h 4m 11s,camperbot,https://github.com/freeCodeCamp/freeCodeCamp/pull/47648
47647,1h 10m,70,0,0,0,0,2022-09-28T12:11:57Z,2022-09-28T14:10:07Z,1h 58m 10s,camperbot,https://github.com/freeCodeCamp/freeCodeCamp/pull/47647
47643,1m 24s,1,0,0,0,0,2022-09-27T15:48:50Z,2022-09-27T16:13:27Z,24m 37s,QuincyLarson,https://github.com/freeCodeCamp/freeCodeCamp/pull/47643
47641,2h 29m 1s,149,0,0,0,0,2022-09-27T13:05:21Z,2022-09-28T08:52:29Z,19h 47m 8s,camperbot,https://github.com/freeCodeCamp/freeCodeCamp/pull/47641
47640,2h 38m,158,0,0,0,0,2022-09-27T12:54:44Z,2022-09-28T06:15:49Z,17h 21m 5s,ShaunSHamilton,https://github.com/freeCodeCamp/freeCodeCamp/pull/47640
47639,2h 38m,158,0,0,0,0,2022-09-27T12:11:41Z,2022-09-28T08:51:17Z,20h 39m 36s,camperbot,https://github.com/freeCodeCamp/freeCodeCamp/pull/47639
47638,1h 20m,80,0,0,0,0,2022-09-27T12:05:48Z,2022-09-27T14:45:47Z,2h 39m 59s,sidemt,https://github.com/freeCodeCamp/freeCodeCamp/pull/47638
47635,2h 40m,160,0,0,0,0,2022-09-27T09:55:53Z,2022-09-27T15:40:02Z,5h 44m 9s,ojeytonwilliams,https://github.com/freeCodeCamp/freeCodeCamp/pull/47635
47630,3d 19h 23m,5483,0,0,0,0,2022-09-26T18:55:26Z,2022-10-10T21:09:20Z,14d 2h 13m 54s,Lozarnez,https://github.com/freeCodeCamp/freeCodeCamp/pull/47630
47628,6d 11h 1m,9301,0,1,0,1,2022-09-26T18:09:10Z,2022-10-21T19:29:00Z,25d 1h 19m 50s,Lozarnez,https://github.com/freeCodeCamp/freeCodeCamp/pull/47628
47625,8h,480,0,0,0,0,2022-09-26T13:16:51Z,2022-09-27T07:49:21Z,18h 32m 30s,ieahleen,https://github.com/freeCodeCamp/freeCodeCamp/pull/47625
47624,8h,480,0,0,0,0,2022-09-26T13:05:20Z,2022-09-27T08:30:30Z,19h 25m 10s,camperbot,https://github.com/freeCodeCamp/freeCodeCamp/pull/47624
47623,0s,0,0,0,0,0,2022-09-26T12:12:01Z,2022-09-27T07:18:04Z,19h 6m 3s,camperbot,https://github.com/freeCodeCamp/freeCodeCamp/pull/47623
47600,8h,480,0,0,0,0,2022-09-23T13:00:49Z,2022-09-26T06:23:17Z,2d 17h 22m 28s,camperbot,https://github.com/freeCodeCamp/freeCodeCamp/pull/47600
47595,3h,180,0,0,0,0,2022-09-22T18:26:19Z,2022-09-23T06:27:42Z,12h 1m 23s,naomi-lgbt,https://github.com/freeCodeCamp/freeCodeCamp/pull/47595
47592,3h 7m,187,0,0,0,0,2022-09-22T12:59:46Z,2022-09-22T18:12:19Z,5h 12m 33s,camperbot,https://github.com/freeCodeCamp/freeCodeCamp/pull/47592
47591,4h 17m,257,0,0,0,0,2022-09-22T12:24:41Z,2022-09-22T18:11:23Z,5h 46m 42s,camperbot,https://github.com/freeCodeCamp/freeCodeCamp/pull/47591
47589,4h 18m,258,0,0,0,0,2022-09-22T12:11:23Z,2022-09-22T18:09:06Z,5h 57m 43s,camperbot,https://github.com/freeCodeCamp/freeCodeCamp/pull/47589
47585,1m 30s,1,0,0,0,0,2022-09-21T18:46:20Z,2022-09-22T16:34:49Z,21h 48m 29s,naomi-lgbt,https://github.com/freeCodeCamp/freeCodeCamp/pull/47585
47582,24m 27s,24,0,0,0,0,2022-09-21T13:00:53Z,2022-09-21T14:20:49Z,1h 19m 56s,camperbot,https://github.com/freeCodeCamp/freeCodeCamp/pull/47582
47578,5h 45m,345,0,0,0,0,2022-09-21T10:59:56Z,2022-09-21T18:51:28Z,7h 51m 32s,ShaunSHamilton,https://github.com/freeCodeCamp/freeCodeCamp/pull/47578
47575,0s,0,0,1,0,1,2022-09-20T22:05:18Z,2022-09-21T08:27:03Z,10h 21m 45s,Chelsgray,https://github.com/freeCodeCamp/freeCodeCamp/pull/47575
47571,1h 11m 41s,71,0,3,0,3,2022-09-20T15:09:20Z,2022-09-26T14:11:13Z,5d 23h 1m 53s,Sboonny,https://github.com/freeCodeCamp/freeCodeCamp/pull/47571
47570,1h 43m 51s,103,0,0,0,0,2022-09-20T13:00:47Z,2022-09-20T14:44:39Z,1h 43m 52s,camperbot,https://github.com/freeCodeCamp/freeCodeCamp/pull/47570
47567,1d,1440,0,1,0,1,2022-09-20T04:48:57Z,2022-09-27T06:47:58Z,7d 1h 59m 1s,KravMaguy,https://github.com/freeCodeCamp/freeCodeCamp/pull/47567
47566,2h 45m,165,0,0,0,0,2022-09-19T20:46:57Z,2022-09-20T14:45:23Z,17h 58m 26s,ShaunSHamilton,https://github.com/freeCodeCamp/freeCodeCamp/pull/47566
47511,4h 21m,261,0,0,0,0,2022-09-13T12:11:30Z,2022-09-13T17:21:59Z,5h 10m 29s,camperbot,https://github.com/freeCodeCamp/freeCodeCamp/pull/47511
47508,0s,0,0,0,0,0,2022-09-13T04:09:44Z,2022-09-13T07:41:50Z,3h 32m 6s,naomi-lgbt,https://github.com/freeCodeCamp/freeCodeCamp/pull/47508
47477,8h,480,0,0,0,0,2022-09-09T13:03:28Z,2022-09-12T10:20:49Z,2d 21h 17m 21s,camperbot,https://github.com/freeCodeCamp/freeCodeCamp/pull/47477
47418,2d 5h 6m,3186,0,1,0,1,2022-08-30T21:51:10Z,2022-09-08T07:46:28Z,8d 9h 55m 18s,kulraj710,https://github.com/freeCodeCamp/freeCodeCamp/pull/47418
47390,1h,60,0,0,0,0,2022-08-26T20:35:35Z,2022-08-29T08:57:46Z,2d 12h 22m 11s,naomi-lgbt,https://github.com/freeCodeCamp/freeCodeCamp/pull/47390
47385,11h 29m,689,0,0,0,0,2022-08-25T18:29:38Z,2022-08-29T14:12:50Z,3d 19h 43m 12s,naomi-lgbt,https://github.com/freeCodeCamp/freeCodeCamp/pull/47385
47362,5h 44m,344,0,0,0,0,2022-08-22T22:14:46Z,2022-08-23T18:53:47Z,20h 39m 1s,naomi-lgbt,https://github.com/freeCodeCamp/freeCodeCamp/pull/47362
47357,4h 33m 32s,273,0,0,0,0,2022-08-22T14:48:43Z,2022-08-22T19:22:17Z,4h 33m 34s,ieahleen,https://github.com/freeCodeCamp/freeCodeCamp/pull/47357
47335,0s,0,0,0,0,0,2022-08-19T21:20:29Z,2022-08-20T09:33:20Z,12h 12m 51s,QuincyLarson,https://github.com/freeCodeCamp/freeCodeCamp/pull/47335
47322,36m 16s,36,0,2,0,2,2022-08-18T18:05:32Z,2022-08-19T06:59:28Z,12h 53m 56s,naomi-lgbt,https://github.com/freeCodeCamp/freeCodeCamp/pull/47322
47321,2h 52m 16s,172,0,1,0,1,2022-08-18T15:50:43Z,2022-08-19T07:00:42Z,15h 9m 59s,a2937,https://github.com/freeCodeCamp/freeCodeCamp/pull/47321
47318,5h 45m,345,0,0,0,0,2022-08-18T12:10:06Z,2022-08-18T18:46:04Z,6h 35m 58s,camperbot,https://github.com/freeCodeCamp/freeCodeCamp/pull/47318
47263,1d 8h 36m,1956,0,0,0,0,2022-10-27T14:32:05Z,2022-11-02T08:50:11Z,5d 18h 18m 6s,JordanMooree,https://github.com/freeCodeCamp/freeCodeCamp/pull/47263
47250,44m 35s,44,0,0,0,0,2022-08-10T13:05:27Z,2022-08-10T14:51:00Z,1h 45m 33s,sidemt,https://github.com/freeCodeCamp/freeCodeCamp/pull/47250
47166,8h,480,0,0,0,0,2022-08-05T13:00:51Z,2022-08-08T06:07:38Z,2d 17h 6m 47s,camperbot,https://github.com/freeCodeCamp/freeCodeCamp/pull/47166
47142,7m 1s,7,0,0,0,0,2022-08-03T14:48:03Z,2022-08-03T15:06:24Z,18m 21s,ojeytonwilliams,https://github.com/freeCodeCamp/freeCodeCamp/pull/47142
47141,8h,480,0,0,0,0,2022-08-03T13:00:21Z,2022-08-04T01:31:45Z,12h 31m 24s,camperbot,https://github.com/freeCodeCamp/freeCodeCamp/pull/47141
47121,1h 42m,102,0,0,0,0,2022-08-02T12:10:24Z,2022-08-02T14:42:40Z,2h 32m 16s,camperbot,https://github.com/freeCodeCamp/freeCodeCamp/pull/47121
47119,0s,0,0,0,0,0,2022-08-02T07:00:13Z,2022-08-02T11:47:28Z,4h 47m 15s,sidemt,https://github.com/freeCodeCamp/freeCodeCamp/pull/47119
47114,8h,480,0,0,0,0,2022-08-01T13:01:03Z,2022-08-02T11:46:55Z,22h 45m 52s,camperbot,https://github.com/freeCodeCamp/freeCodeCamp/pull/47114
47088,16h 46m,1006,0,0,0,0,2022-07-30T02:23:13Z,2022-08-03T06:35:30Z,4d 4h 12m 17s,DylanDevelops,https://github.com/freeCodeCamp/freeCodeCamp/pull/47088
47039,2d 8h,3360,0,0,0,0,2022-07-26T04:44:37Z,2022-08-14T18:17:51Z,19d 13h 33m 14s,joonkyu,https://github.com/freeCodeCamp/freeCodeCamp/pull/47039
47025,0s,0,0,0,0,0,2022-07-24T20:19:56Z,2022-07-28T07:25:55Z,3d 11h 5m 59s,renovate[bot],https://github.com/freeCodeCamp/freeCodeCamp/pull/47025
47022,22d 17h 22m,32722,1,0,0,1,2022-07-24T16:00:57Z,2022-10-27T14:26:46Z,94d 22h 25m 49s,Jagrutiti,https://github.com/freeCodeCamp/freeCodeCamp/pull/47022
46971,3h 16m,196,0,1,0,1,2022-07-20T20:01:58Z,2022-07-21T15:16:39Z,19h 14m 41s,PaulaBarszcz,https://github.com/freeCodeCamp/freeCodeCamp/pull/46971
46968,6h 13m,373,0,0,0,0,2022-07-20T17:13:32Z,2022-07-21T15:13:47Z,22h 0m 15s,naomi-lgbt,https://github.com/freeCodeCamp/freeCodeCamp/pull/46968
46907,3h 27m,207,0,0,0,0,2022-07-15T12:59:46Z,2022-07-18T16:29:03Z,3d 3h 29m 17s,camperbot,https://github.com/freeCodeCamp/freeCodeCamp/pull/46907
46900,0s,0,0,1,0,1,2022-07-15T02:37:34Z,2022-07-15T06:59:24Z,4h 21m 50s,arjandhakal,https://github.com/freeCodeCamp/freeCodeCamp/pull/46900
46896,1h,60,0,0,0,0,2022-07-14T20:33:47Z,2022-07-15T06:59:55Z,10h 26m 8s,ieahleen,https://github.com/freeCodeCamp/freeCodeCamp/pull/46896
46890,0s,0,0,0,0,0,2022-07-13T23:20:54Z,2022-07-14T08:38:55Z,9h 18m 1s,naomi-lgbt,https://github.com/freeCodeCamp/freeCodeCamp/pull/46890
46888,2h,120,0,0,0,0,2022-07-13T19:32:11Z,2022-07-14T08:32:01Z,12h 59m 50s,sidemt,https://github.com/freeCodeCamp/freeCodeCamp/pull/46888
46884,58m 52s,58,0,0,0,0,2022-07-13T13:05:56Z,2022-07-13T14:04:50Z,58m 54s,camperbot,https://github.com/freeCodeCamp/freeCodeCamp/pull/46884
46883,0s,0,0,0,0,0,2022-07-13T12:21:31Z,2022-07-15T07:19:24Z,1d 18h 57m 53s,rutvikk05,https://github.com/freeCodeCamp/freeCodeCamp/pull/46883
46879,0s,0,0,0,0,0,2022-07-12T23:21:37Z,2022-07-13T09:52:47Z,10h 31m 10s,bbsmooth,https://github.com/freeCodeCamp/freeCodeCamp/pull/46879
46875,3h,180,0,0,0,0,2022-07-12T18:35:28Z,2022-07-13T09:52:22Z,15h 16m 54s,jeremylt,https://github.com/freeCodeCamp/freeCodeCamp/pull/46875
46870,0s,0,0,0,0,0,2022-07-12T10:49:38Z,2022-07-14T08:41:21Z,1d 21h 51m 43s,ieahleen,https://github.com/freeCodeCamp/freeCodeCamp/pull/46870
46817,1d 9h 8m,1988,0,0,0,0,2022-07-09T00:17:37Z,2022-07-15T07:03:29Z,6d 6h 45m 52s,renovate[bot],https://github.com/freeCodeCamp/freeCodeCamp/pull/46817
46791,1d 8h 57m,1977,0,0,0,0,2022-07-07T15:59:06Z,2022-07-13T09:50:03Z,5d 17h 50m 57s,ojeytonwilliams,https://github.com/freeCodeCamp/freeCodeCamp/pull/46791
46789,1h 7m 28s,67,0,0,0,0,2022-07-07T13:02:15Z,2022-07-07T14:09:44Z,1h 7m 29s,Nathan-Bisson,https://github.com/freeCodeCamp/freeCodeCamp/pull/46789
46788,1h 10m,70,0,0,0,0,2022-07-07T12:58:26Z,2022-07-07T14:53:04Z,1h 54m 38s,camperbot,https://github.com/freeCodeCamp/freeCodeCamp/pull/46788
46787,1h 11m,71,0,0,0,0,2022-07-07T12:24:21Z,2022-07-07T14:54:38Z,2h 30m 17s,camperbot,https://github.com/freeCodeCamp/freeCodeCamp/pull/46787
46786,1h 11m,71,0,0,0,0,2022-07-07T12:18:41Z,2022-07-07T14:12:09Z,1h 53m 28s,camperbot,https://github.com/freeCodeCamp/freeCodeCamp/pull/46786
46767,5m 11s,5,0,0,0,0,2022-07-05T17:50:00Z,2022-07-05T19:29:32Z,1h 39m 32s,Sembauke,https://github.com/freeCodeCamp/freeCodeCamp/pull/46767
46765,1h 13m 2s,73,0,0,0,0,2022-07-05T16:23:26Z,2022-07-05T17:36:42Z,1h 13m 16s,lasjorg,https://github.com/freeCodeCamp/freeCodeCamp/pull/46765
46763,4h 11m 21s,251,0,0,0,0,2022-07-05T13:25:55Z,2022-07-05T17:37:27Z,4h 11m 32s,camperbot,https://github.com/freeCodeCamp/freeCodeCamp/pull/46763
46761,1d 8h,1920,0,0,0,0,2022-07-05T06:02:47Z,2022-07-19T06:24:39Z,14d 0h 21m 52s,raditotev,https://github.com/freeCodeCamp/freeCodeCamp/pull/46761
46759,5h 39m,339,0,0,0,0,2022-07-04T20:03:14Z,2022-07-05T23:53:14Z,1d 3h 50m,sambhujimmi,https://github.com/freeCodeCamp/freeCodeCamp/pull/46759
46751,2d,2880,0,0,0,0,2022-07-03T10:50:00Z,2022-07-13T09:43:24Z,9d 22h 53m 24s,rsapkf,https://github.com/freeCodeCamp/freeCodeCamp/pull/46751
46706,20h 42m,1242,0,0,0,0,2022-06-29T07:04:38Z,2022-07-05T17:43:05Z,6d 10h 38m 27s,Sboonny,https://github.com/freeCodeCamp/freeCodeCamp/pull/46706
46682,55m,55,0,0,0,0,2022-06-27T12:59:53Z,2022-06-27T13:55:35Z,55m 42s,camperbot,https://github.com/freeCodeCamp/freeCodeCamp/pull/46682
46664,2h 37m,157,0,0,0,0,2022-06-25T15:41:11Z,2022-07-14T15:37:56Z,18d 23h 56m 45s,renovate[bot],https://github.com/freeCodeCamp/freeCodeCamp/pull/46664
46653,0s,0,0,0,0,0,2022-06-25T01:27:35Z,2022-06-26T17:15:39Z,1d 15h 48m 4s,renovate[bot],https://github.com/freeCodeCamp/freeCodeCamp/pull/46653
46634,54m 33s,54,0,0,0,0,2022-06-23T15:07:17Z,2022-06-23T17:21:13Z,2h 13m 56s,Dario-DC,https://github.com/freeCodeCamp/freeCodeCamp/pull/46634
46619,6h 23m,383,0,0,0,0,2022-06-22T11:05:10Z,2022-06-22T19:24:07Z,8h 18m 57s,ojeytonwilliams,https://github.com/freeCodeCamp/freeCodeCamp/pull/46619
46615,3h 5m,185,0,0,0,0,2022-06-22T08:21:02Z,2022-06-23T16:05:23Z,1d 7h 44m 21s,ojeytonwilliams,https://github.com/freeCodeCamp/freeCodeCamp/pull/46615
46604,1h 6m 16s,66,0,1,1,2,2022-06-21T15:01:27Z,2022-06-22T13:59:39Z,22h 58m 12s,ojeytonwilliams,https://github.com/freeCodeCamp/freeCodeCamp/pull/46604
46602,1h 50m,110,0,0,0,0,2022-06-21T12:58:06Z,2022-06-21T15:00:08Z,2h 2m 2s,camperbot,https://github.com/freeCodeCamp/freeCodeCamp/pull/46602
46601,1h 13m,73,0,0,0,0,2022-06-21T12:31:47Z,2022-06-21T14:14:03Z,1h 42m 16s,camperbot,https://github.com/freeCodeCamp/freeCodeCamp/pull/46601
46600,1h 21m,81,0,0,0,0,2022-06-21T12:09:32Z,2022-06-21T14:21:40Z,2h 12m 8s,camperbot,https://github.com/freeCodeCamp/freeCodeCamp/pull/46600
46599,1h 17m,77,0,1,0,1,2022-06-21T11:03:29Z,2022-06-21T14:19:26Z,3h 15m 57s,CodingKiran,https://github.com/freeCodeCamp/freeCodeCamp/pull/46599
46597,1h 22m,82,0,0,0,0,2022-06-21T10:31:41Z,2022-06-21T14:23:13Z,3h 51m 32s,ieahleen,https://github.com/freeCodeCamp/freeCodeCamp/pull/46597
46596,1h 51m,111,0,0,0,0,2022-06-21T10:13:45Z,2022-06-21T14:51:32Z,4h 37m 47s,sidemt,https://github.com/freeCodeCamp/freeCodeCamp/pull/46596
46595,2h 23m,143,0,0,0,0,2022-06-21T08:15:07Z,2022-06-21T16:08:21Z,7h 53m 14s,ojeytonwilliams,https://github.com/freeCodeCamp/freeCodeCamp/pull/46595
46592,0s,0,0,0,0,0,2022-06-21T02:04:07Z,2022-06-21T09:32:19Z,7h 28m 12s,Sboonny,https://github.com/freeCodeCamp/freeCodeCamp/pull/46592
46589,3h 2m,182,0,0,0,0,2022-06-20T16:42:17Z,2022-06-26T17:23:46Z,6d 0h 41m 29s,ojeytonwilliams,https://github.com/freeCodeCamp/freeCodeCamp/pull/46589
46587,1h 0m 1s,60,0,0,0,0,2022-06-20T13:24:18Z,2022-06-20T14:24:28Z,1h 0m 10s,ShaunSHamilton,https://github.com/freeCodeCamp/freeCodeCamp/pull/46587
46586,1h 25m,85,0,0,0,0,2022-06-20T12:56:48Z,2022-06-20T14:32:12Z,1h 35m 24s,camperbot,https://github.com/freeCodeCamp/freeCodeCamp/pull/46586
46583,0s,0,0,0,0,0,2022-06-20T12:24:04Z,2022-06-20T12:58:03Z,33m 59s,camperbot,https://github.com/freeCodeCamp/freeCodeCamp/pull/46583
46546,0s,0,0,0,0,0,2022-06-18T02:31:04Z,2022-06-18T04:48:26Z,2h 17m 22s,renovate[bot],https://github.com/freeCodeCamp/freeCodeCamp/pull/46546
46526,5h,300,0,0,0,0,2022-06-16T16:43:05Z,2022-06-17T08:00:39Z,15h 17m 34s,lasjorg,https://github.com/freeCodeCamp/freeCodeCamp/pull/46526
46514,1h 16m 49s,76,0,1,0,1,2022-06-15T17:19:17Z,2022-06-16T04:23:15Z,11h 3m 58s,naomi-lgbt,https://github.com/freeCodeCamp/freeCodeCamp/pull/46514
46512,7m 30s,7,0,0,0,0,2022-06-15T15:10:37Z,2022-06-15T16:31:17Z,1h 20m 40s,mikailaliyev,https://github.com/freeCodeCamp/freeCodeCamp/pull/46512
46509,1h 15m 1s,75,0,1,0,1,2022-06-15T13:07:17Z,2022-06-15T15:51:04Z,2h 43m 47s,sidemt,https://github.com/freeCodeCamp/freeCodeCamp/pull/46509
46507,0s,0,0,0,0,0,2022-06-15T12:24:23Z,2022-06-15T13:17:07Z,52m 44s,camperbot,https://github.com/freeCodeCamp/freeCodeCamp/pull/46507
46503,4h 49m,289,0,2,0,2,2022-06-15T10:24:23Z,2022-06-15T17:49:15Z,7h 24m 52s,Dario-DC,https://github.com/freeCodeCamp/freeCodeCamp/pull/46503
46499,29m 42s,29,0,0,0,0,2022-06-14T17:17:03Z,2022-06-14T17:46:53Z,29m 50s,sidemt,https://github.com/freeCodeCamp/freeCodeCamp/pull/46499
46490,27m 54s,27,0,0,0,0,2022-06-13T18:02:52Z,2022-06-13T18:56:38Z,53m 46s,sidemt,https://github.com/freeCodeCamp/freeCodeCamp/pull/46490
46485,2h 46m,166,0,0,0,0,2022-06-13T12:58:01Z,2022-06-13T16:05:16Z,3h 7m 15s,camperbot,https://github.com/freeCodeCamp/freeCodeCamp/pull/46485
46484,2h 47m,167,0,0,0,0,2022-06-13T12:24:17Z,2022-06-13T18:14:08Z,5h 49m 51s,camperbot,https://github.com/freeCodeCamp/freeCodeCamp/pull/46484
46469,0s,0,1,1,0,2,2022-06-12T15:03:34Z,2022-06-13T08:36:28Z,17h 32m 54s,vjvibhanshu,https://github.com/freeCodeCamp/freeCodeCamp/pull/46469
46465,0s,0,0,1,0,1,2022-06-13T06:41:31Z,2022-06-13T10:29:32Z,3h 48m 1s,Sboonny,https://github.com/freeCodeCamp/freeCodeCamp/pull/46465
46464,0s,0,0,0,0,0,2022-06-11T21:49:23Z,2022-06-13T08:25:34Z,1d 10h 36m 11s,mzukisimakaluza-dev,https://github.com/freeCodeCamp/freeCodeCamp/pull/46464
46457,3d 12h 44m,5084,0,0,0,0,2022-06-18T07:17:12Z,2022-07-05T17:56:04Z,17d 10h 38m 52s,Sboonny,https://github.com/freeCodeCamp/freeCodeCamp/pull/46457
46447,1h,60,0,0,0,0,2022-06-10T20:40:28Z,2022-06-11T06:28:23Z,9h 47m 55s,JordanMooree,https://github.com/freeCodeCamp/freeCodeCamp/pull/46447
46434,0s,0,0,0,0,0,2022-06-10T07:54:51Z,2022-06-13T08:27:25Z,3d 0h 32m 34s,Sboonny,https://github.com/freeCodeCamp/freeCodeCamp/pull/46434
46432,0s,0,0,0,0,0,2022-06-11T03:05:10Z,2022-06-14T01:14:20Z,2d 22h 9m 10s,Sboonny,https://github.com/freeCodeCamp/freeCodeCamp/pull/46432
46425,3h 7m 39s,187,0,0,0,0,2022-06-09T17:26:59Z,2022-06-10T09:01:49Z,15h 34m 50s,JordanMooree,https://github.com/freeCodeCamp/freeCodeCamp/pull/46425
46422,10h 58m,658,0,0,0,0,2022-06-09T14:32:54Z,2022-06-10T16:58:38Z,1d 2h 25m 44s,ojeytonwilliams,https://github.com/freeCodeCamp/freeCodeCamp/pull/46422
46421,22m 40s,22,0,0,0,0,2022-06-09T13:49:41Z,2022-06-09T14:18:35Z,28m 54s,raditotev,https://github.com/freeCodeCamp/freeCodeCamp/pull/46421
46420,2h 36m,156,0,0,0,0,2022-06-09T12:24:48Z,2022-06-09T20:33:50Z,8h 9m 2s,camperbot,https://github.com/freeCodeCamp/freeCodeCamp/pull/46420
46419,7h 36m,456,0,0,0,0,2022-06-09T12:10:51Z,2022-06-09T20:36:26Z,8h 25m 35s,camperbot,https://github.com/freeCodeCamp/freeCodeCamp/pull/46419
46418,2h 51m,171,0,0,0,0,2022-06-09T09:07:27Z,2022-06-14T01:18:24Z,4d 16h 10m 57s,Sboonny,https://github.com/freeCodeCamp/freeCodeCamp/pull/46418
46408,10d 10h 15m,15015,0,1,0,1,2022-06-08T16:44:04Z,2022-07-19T13:43:59Z,40d 20h 59m 55s,ShaunSHamilton,https://github.com/freeCodeCamp/freeCodeCamp/pull/46408
46403,3h 55m 36s,235,0,0,0,0,2022-06-08T13:17:42Z,2022-06-08T17:13:29Z,3h 55m 47s,camperbot,https://github.com/freeCodeCamp/freeCodeCamp/pull/46403
46402,4h 13m,253,0,0,0,0,2022-06-08T12:27:41Z,2022-06-08T17:13:46Z,4h 46m 5s,camperbot,https://github.com/freeCodeCamp/freeCodeCamp/pull/46402
46401,12h 17m,737,0,0,0,0,2022-06-08T09:56:22Z,2022-06-16T11:47:30Z,8d 1h 51m 8s,raditotev,https://github.com/freeCodeCamp/freeCodeCamp/pull/46401
46384,50m 25s,50,0,0,0,0,2022-06-07T16:14:50Z,2022-06-07T17:05:34Z,50m 44s,ojeytonwilliams,https://github.com/freeCodeCamp/freeCodeCamp/pull/46384
46383,1h 15m 35s,75,0,0,0,0,2022-06-07T15:48:12Z,2022-06-07T18:03:36Z,2h 15m 24s,ojeytonwilliams,https://github.com/freeCodeCamp/freeCodeCamp/pull/46383
46382,4h 3m 40s,243,0,0,0,0,2022-06-07T13:03:00Z,2022-06-07T17:06:49Z,4h 3m 49s,camperbot,https://github.com/freeCodeCamp/freeCodeCamp/pull/46382
46381,0s,0,0,0,0,0,2022-06-07T12:24:40Z,2022-06-07T17:00:36Z,4h 35m 56s,camperbot,https://github.com/freeCodeCamp/freeCodeCamp/pull/46381
46369,1h 53m 31s,113,0,0,0,0,2022-06-06T13:00:35Z,2022-06-06T14:55:35Z,1h 55m,camperbot,https://github.com/freeCodeCamp/freeCodeCamp/pull/46369
46368,1h 48m,108,0,0,0,0,2022-06-06T12:23:59Z,2022-06-06T14:48:18Z,2h 24m 19s,camperbot,https://github.com/freeCodeCamp/freeCodeCamp/pull/46368
46350,4h 16m,256,0,1,0,1,2022-06-05T08:30:25Z,2022-06-08T14:48:17Z,3d 6h 17m 52s,Prathamesh010,https://github.com/freeCodeCamp/freeCodeCamp/pull/46350
46349,8h 32m,512,0,0,0,0,2022-06-05T06:59:45Z,2022-06-10T13:51:06Z,5d 6h 51m 21s,Sboonny,https://github.com/freeCodeCamp/freeCodeCamp/pull/46349
46323,3h 49m,229,0,0,0,0,2022-06-04T05:25:05Z,2022-06-08T05:45:09Z,4d 0h 20m 4s,Sboonny,https://github.com/freeCodeCamp/freeCodeCamp/pull/46323
46317,0s,0,0,0,0,0,2022-06-04T00:04:20Z,2022-06-04T06:26:52Z,6h 22m 32s,renovate[bot],https://github.com/freeCodeCamp/freeCodeCamp/pull/46317
46313,53m 57s,53,0,0,0,0,2022-06-03T15:03:54Z,2022-06-03T16:36:47Z,1h 32m 53s,ojeytonwilliams,https://github.com/freeCodeCamp/freeCodeCamp/pull/46313
46312,1h 46m 3s,106,0,1,0,1,2022-06-03T14:17:35Z,2022-06-03T16:04:05Z,1h 46m 30s,Prathamesh010,https://github.com/freeCodeCamp/freeCodeCamp/pull/46312
46311,3h 4m 45s,184,0,0,0,0,2022-06-03T13:00:06Z,2022-06-03T16:04:57Z,3h 4m 51s,camperbot,https://github.com/freeCodeCamp/freeCodeCamp/pull/46311
46310,3h 5m,185,0,0,0,0,2022-06-03T12:08:44Z,2022-06-03T16:05:18Z,3h 56m 34s,camperbot,https://github.com/freeCodeCamp/freeCodeCamp/pull/46310
46306,0s,0,0,0,0,0,2022-06-03T04:52:17Z,2022-06-03T07:50:26Z,2h 58m 9s,Sboonny,https://github.com/freeCodeCamp/freeCodeCamp/pull/46306
46305,0s,0,0,0,0,0,2022-06-03T04:42:23Z,2022-06-03T08:16:46Z,3h 34m 23s,Sboonny,https://github.com/freeCodeCamp/freeCodeCamp/pull/46305
46304,0s,0,0,0,0,0,2022-06-03T04:37:01Z,2022-06-03T07:51:23Z,3h 14m 22s,Sboonny,https://github.com/freeCodeCamp/freeCodeCamp/pull/46304
46303,0s,0,0,0,0,0,2022-06-03T04:00:37Z,2022-06-04T06:27:30Z,1d 2h 26m 53s,Sboonny,https://github.com/freeCodeCamp/freeCodeCamp/pull/46303
46288,0s,0,0,0,0,0,2022-06-02T07:15:09Z,2022-06-03T07:52:34Z,1d 0h 37m 25s,Sboonny,https://github.com/freeCodeCamp/freeCodeCamp/pull/46288
46286,0s,0,0,0,0,0,2022-06-02T06:58:39Z,2022-06-03T06:31:42Z,23h 33m 3s,Sboonny,https://github.com/freeCodeCamp/freeCodeCamp/pull/46286
46281,0s,0,0,0,0,0,2022-06-02T05:57:02Z,2022-06-03T06:30:22Z,1d 0h 33m 20s,Sboonny,https://github.com/freeCodeCamp/freeCodeCamp/pull/46281
46278,27m,27,0,0,0,0,2022-06-07T08:55:42Z,2022-06-10T12:07:02Z,3d 3h 11m 20s,Sboonny,https://github.com/freeCodeCamp/freeCodeCamp/pull/46278
46274,13h 45m,825,0,0,0,0,2022-06-01T16:45:01Z,2022-06-03T05:17:35Z,1d 12h 32m 34s,ojeytonwilliams,https://github.com/freeCodeCamp/freeCodeCamp/pull/46274
46273,14h 54m,894,0,0,0,0,2022-06-01T15:54:40Z,2022-06-03T08:44:20Z,1d 16h 49m 40s,ojeytonwilliams,https://github.com/freeCodeCamp/freeCodeCamp/pull/46273
46270,51m 13s,51,0,0,0,0,2022-06-01T13:40:08Z,2022-06-01T14:31:22Z,51m 14s,ShaunSHamilton,https://github.com/freeCodeCamp/freeCodeCamp/pull/46270
46265,0s,0,0,0,0,0,2022-06-01T05:56:29Z,2022-06-01T11:57:56Z,6h 1m 27s,Sboonny,https://github.com/freeCodeCamp/freeCodeCamp/pull/46265
46264,0s,0,0,0,0,0,2022-06-01T05:47:22Z,2022-06-01T11:57:10Z,6h 9m 48s,Sboonny,https://github.com/freeCodeCamp/freeCodeCamp/pull/46264
46263,0s,0,0,0,0,0,2022-06-01T05:42:48Z,2022-06-01T11:56:37Z,6h 13m 49s,Sboonny,https://github.com/freeCodeCamp/freeCodeCamp/pull/46263
46262,0s,0,0,0,0,0,2022-06-01T05:38:23Z,2022-06-01T14:16:20Z,8h 37m 57s,Sboonny,https://github.com/freeCodeCamp/freeCodeCamp/pull/46262
46261,2h 19m,139,0,0,0,0,2022-06-01T05:18:16Z,2022-06-01T15:19:59Z,10h 1m 43s,Sboonny,https://github.com/freeCodeCamp/freeCodeCamp/pull/46261
46260,2h 19m,139,0,0,0,0,2022-06-01T05:07:05Z,2022-06-01T15:19:28Z,10h 12m 23s,Sboonny,https://github.com/freeCodeCamp/freeCodeCamp/pull/46260
46257,3h 47m 23s,227,0,0,0,0,2022-05-31T17:50:49Z,2022-05-31T22:21:24Z,4h 30m 35s,ojeytonwilliams,https://github.com/freeCodeCamp/freeCodeCamp/pull/46257
46255,4h 14m 20s,254,0,0,0,0,2022-05-31T17:23:25Z,2022-05-31T22:06:36Z,4h 43m 11s,ojeytonwilliams,https://github.com/freeCodeCamp/freeCodeCamp/pull/46255
46253,3m 40s,3,0,0,0,0,2022-05-31T15:34:51Z,2022-05-31T16:27:37Z,52m 46s,ojeytonwilliams,https://github.com/freeCodeCamp/freeCodeCamp/pull/46253
46250,1h 6m,66,0,0,0,0,2022-05-31T12:59:11Z,2022-05-31T14:07:07Z,1h 7m 56s,camperbot,https://github.com/freeCodeCamp/freeCodeCamp/pull/46250
46249,0s,0,0,0,0,0,2022-05-31T12:24:18Z,2022-05-31T13:03:49Z,39m 31s,camperbot,https://github.com/freeCodeCamp/freeCodeCamp/pull/46249
46246,8h 43m,523,0,1,0,1,2022-05-31T06:07:37Z,2022-06-01T07:26:19Z,1d 1h 18m 42s,lasjorg,https://github.com/freeCodeCamp/freeCodeCamp/pull/46246
46239,1d 17h 16m,2476,0,3,0,3,2022-05-31T01:19:52Z,2022-06-07T12:50:16Z,7d 11h 30m 24s,JordanMooree,https://github.com/freeCodeCamp/freeCodeCamp/pull/46239
46238,0s,0,0,0,0,0,2022-05-30T19:21:49Z,2022-05-31T07:57:36Z,12h 35m 47s,Sembauke,https://github.com/freeCodeCamp/freeCodeCamp/pull/46238
46235,38m 54s,38,0,0,0,0,2022-05-30T17:50:21Z,2022-05-30T18:57:33Z,1h 7m 12s,ojeytonwilliams,https://github.com/freeCodeCamp/freeCodeCamp/pull/46235
46232,3h 18m 18s,198,0,0,0,0,2022-05-30T13:41:09Z,2022-05-30T16:59:28Z,3h 18m 19s,Nirajn2311,https://github.com/freeCodeCamp/freeCodeCamp/pull/46232
46229,0s,0,0,0,0,0,2022-05-30T07:35:58Z,2022-05-30T08:17:19Z,41m 21s,Nirajn2311,https://github.com/freeCodeCamp/freeCodeCamp/pull/46229
46228,0s,0,1,0,1,2,2022-05-30T06:32:37Z,2022-05-30T08:05:10Z,1h 32m 33s,Sboonny,https://github.com/freeCodeCamp/freeCodeCamp/pull/46228
46227,0s,0,0,0,0,0,2022-05-30T06:24:55Z,2022-05-30T08:06:24Z,1h 41m 29s,Sboonny,https://github.com/freeCodeCamp/freeCodeCamp/pull/46227
46226,0s,0,0,0,0,0,2022-05-30T06:09:36Z,2022-05-30T08:07:52Z,1h 58m 16s,Sboonny,https://github.com/freeCodeCamp/freeCodeCamp/pull/46226
46221,0s,0,1,0,1,2,2022-05-29T06:38:14Z,2022-05-29T16:40:41Z,10h 2m 27s,Sboonny,https://github.com/freeCodeCamp/freeCodeCamp/pull/46221
46219,0s,0,0,0,0,0,2022-05-29T06:27:19Z,2022-05-30T16:09:39Z,1d 9h 42m 20s,Sboonny,https://github.com/freeCodeCamp/freeCodeCamp/pull/46219
46218,0s,0,0,0,0,0,2022-05-29T06:05:12Z,2022-05-30T07:21:07Z,1d 1h 15m 55s,Sboonny,https://github.com/freeCodeCamp/freeCodeCamp/pull/46218
46217,4h 2m,242,0,0,0,0,2022-06-07T00:51:12Z,2022-06-09T06:37:40Z,2d 5h 46m 28s,bbsmooth,https://github.com/freeCodeCamp/freeCodeCamp/pull/46217
46216,0s,0,0,0,0,0,2022-05-29T01:50:03Z,2022-05-30T08:09:24Z,1d 6h 19m 21s,fullStackRacc,https://github.com/freeCodeCamp/freeCodeCamp/pull/46216
46214,0s,0,0,0,0,0,2022-05-28T18:44:10Z,2022-05-30T15:31:00Z,1d 20h 46m 50s,Sboonny,https://github.com/freeCodeCamp/freeCodeCamp/pull/46214
46192,0s,0,0,0,0,0,2022-05-28T03:44:10Z,2022-05-30T07:10:46Z,2d 3h 26m 36s,Sboonny,https://github.com/freeCodeCamp/freeCodeCamp/pull/46192
46191,0s,0,1,0,1,2,2022-05-28T03:37:15Z,2022-05-28T16:49:12Z,13h 11m 57s,Sboonny,https://github.com/freeCodeCamp/freeCodeCamp/pull/46191
46189,0s,0,0,0,0,0,2022-05-28T03:04:34Z,2022-05-28T16:50:52Z,13h 46m 18s,Sboonny,https://github.com/freeCodeCamp/freeCodeCamp/pull/46189
46184,0s,0,0,0,0,0,2022-05-27T22:53:48Z,2022-05-28T08:16:05Z,9h 22m 17s,UCYLMZ,https://github.com/freeCodeCamp/freeCodeCamp/pull/46184
46183,0s,0,0,0,0,0,2022-05-27T22:50:21Z,2022-05-28T05:13:21Z,6h 23m,naomi-lgbt,https://github.com/freeCodeCamp/freeCodeCamp/pull/46183
46182,2h,120,0,0,0,0,2022-05-27T19:33:53Z,2022-05-28T08:15:06Z,12h 41m 13s,JordanMooree,https://github.com/freeCodeCamp/freeCodeCamp/pull/46182
46181,4h,240,0,0,0,0,2022-05-27T17:32:31Z,2022-05-28T05:15:03Z,11h 42m 32s,JordanMooree,https://github.com/freeCodeCamp/freeCodeCamp/pull/46181
46179,9m 51s,9,0,0,0,0,2022-05-27T15:33:18Z,2022-05-27T16:31:03Z,57m 45s,ojeytonwilliams,https://github.com/freeCodeCamp/freeCodeCamp/pull/46179
46177,1h 16m 35s,76,0,0,0,0,2022-05-27T13:15:07Z,2022-05-27T15:24:36Z,2h 9m 29s,camperbot,https://github.com/freeCodeCamp/freeCodeCamp/pull/46177
46175,0s,0,0,0,0,0,2022-05-27T12:30:00Z,2022-05-27T12:52:53Z,22m 53s,DanielRosa74,https://github.com/freeCodeCamp/freeCodeCamp/pull/46175
46174,0s,0,0,0,0,0,2022-05-27T12:25:54Z,2022-05-27T12:47:49Z,21m 55s,DanielRosa74,https://github.com/freeCodeCamp/freeCodeCamp/pull/46174
46172,0s,0,0,0,0,0,2022-05-27T09:05:14Z,2022-05-27T09:24:48Z,19m 34s,ojeytonwilliams,https://github.com/freeCodeCamp/freeCodeCamp/pull/46172
46171,0s,0,2,0,1,3,2022-05-27T07:46:04Z,2022-05-27T11:01:28Z,3h 15m 24s,Sboonny,https://github.com/freeCodeCamp/freeCodeCamp/pull/46171
46170,0s,0,0,0,0,0,2022-05-27T07:11:21Z,2022-05-27T08:51:40Z,1h 40m 19s,Sboonny,https://github.com/freeCodeCamp/freeCodeCamp/pull/46170
46169,0s,0,0,0,0,0,2022-05-27T07:07:30Z,2022-05-27T08:54:07Z,1h 46m 37s,Sboonny,https://github.com/freeCodeCamp/freeCodeCamp/pull/46169
46168,0s,0,0,0,0,0,2022-05-27T01:47:13Z,2022-05-27T08:52:50Z,7h 5m 37s,bbsmooth,https://github.com/freeCodeCamp/freeCodeCamp/pull/46168
46167,0s,0,0,0,0,0,2022-05-26T23:30:23Z,2022-05-27T08:47:28Z,9h 17m 5s,naomi-lgbt,https://github.com/freeCodeCamp/freeCodeCamp/pull/46167
46161,3h 20m,200,0,0,0,0,2022-05-26T12:59:44Z,2022-05-26T16:20:33Z,3h 20m 49s,camperbot,https://github.com/freeCodeCamp/freeCodeCamp/pull/46161
46160,0s,0,0,0,0,0,2022-05-26T11:54:43Z,2022-05-27T12:52:03Z,1d 0h 57m 20s,ojeytonwilliams,https://github.com/freeCodeCamp/freeCodeCamp/pull/46160
46159,0s,0,0,0,0,0,2022-05-26T05:01:30Z,2022-05-26T07:11:58Z,2h 10m 28s,Sboonny,https://github.com/freeCodeCamp/freeCodeCamp/pull/46159
46158,0s,0,0,0,0,0,2022-05-26T04:47:08Z,2022-05-26T07:12:39Z,2h 25m 31s,Sboonny,https://github.com/freeCodeCamp/freeCodeCamp/pull/46158
46157,0s,0,0,0,0,0,2022-05-26T04:39:01Z,2022-05-26T07:13:20Z,2h 34m 19s,Sboonny,https://github.com/freeCodeCamp/freeCodeCamp/pull/46157
46150,51m 33s,51,0,0,1,1,2022-05-25T16:13:52Z,2022-05-25T17:05:26Z,51m 34s,moT01,https://github.com/freeCodeCamp/freeCodeCamp/pull/46150
46149,8h,480,0,0,0,0,2022-05-25T13:01:01Z,2022-05-26T07:17:46Z,18h 16m 45s,camperbot,https://github.com/freeCodeCamp/freeCodeCamp/pull/46149
46141,4h 6m,246,0,0,0,0,2022-05-25T00:19:50Z,2022-05-25T17:07:00Z,16h 47m 10s,Buet23,https://github.com/freeCodeCamp/freeCodeCamp/pull/46141
46139,9h 44m,584,0,0,0,0,2022-05-24T20:44:18Z,2022-05-26T14:13:56Z,1d 17h 29m 38s,lasjorg,https://github.com/freeCodeCamp/freeCodeCamp/pull/46139
46132,1d 7h 27m,1887,0,0,0,0,2022-05-24T15:29:11Z,2022-05-30T07:09:11Z,5d 15h 40m,Sboonny,https://github.com/freeCodeCamp/freeCodeCamp/pull/46132
46129,3h 23m,203,0,1,0,1,2022-05-24T06:55:31Z,2022-05-25T16:48:52Z,1d 9h 53m 21s,renovate[bot],https://github.com/freeCodeCamp/freeCodeCamp/pull/46129
46128,0s,0,0,0,0,0,2022-05-24T06:38:46Z,2022-05-24T07:27:09Z,48m 23s,renovate[bot],https://github.com/freeCodeCamp/freeCodeCamp/pull/46128
46119,1h 6m 1s,66,0,0,0,0,2022-05-23T13:04:07Z,2022-05-23T14:21:03Z,1h 16m 56s,camperbot,https://github.com/freeCodeCamp/freeCodeCamp/pull/46119
46118,0s,0,0,0,0,0,2022-05-24T07:06:58Z,2022-05-26T09:33:50Z,2d 2h 26m 52s,scissorsneedfoodtoo,https://github.com/freeCodeCamp/freeCodeCamp/pull/46118
46116,8h,480,0,0,0,0,2022-05-23T04:57:03Z,2022-05-26T07:20:37Z,3d 2h 23m 34s,Sboonny,https://github.com/freeCodeCamp/freeCodeCamp/pull/46116
46112,4d 5h 5m,6065,0,1,0,1,2022-05-22T19:51:44Z,2022-06-07T16:45:00Z,15d 20h 53m 16s,nown1ne,https://github.com/freeCodeCamp/freeCodeCamp/pull/46112
46090,12h 57m,777,0,1,0,1,2022-05-24T20:43:14Z,2022-05-26T16:14:10Z,1d 19h 30m 56s,moT01,https://github.com/freeCodeCamp/freeCodeCamp/pull/46090
46086,2d 2h 5m,3005,0,0,0,0,2022-05-20T15:45:28Z,2022-05-30T13:20:32Z,9d 21h 35m 4s,Sembauke,https://github.com/freeCodeCamp/freeCodeCamp/pull/46086
46085,1d 12h 19m,2179,0,0,1,1,2022-05-20T13:22:10Z,2022-05-26T16:13:12Z,6d 2h 51m 2s,ahmadabdolsaheb,https://github.com/freeCodeCamp/freeCodeCamp/pull/46085
46080,1d 8h,1920,0,0,0,0,2022-05-20T08:05:47Z,2022-05-30T07:07:51Z,9d 23h 2m 4s,Sboonny,https://github.com/freeCodeCamp/freeCodeCamp/pull/46080
46074,1m 24s,1,0,0,0,0,2022-05-19T14:28:03Z,2022-05-19T14:32:11Z,4m 8s,ahmadabdolsaheb,https://github.com/freeCodeCamp/freeCodeCamp/pull/46074
46071,2d 10h 18m,3498,0,0,0,0,2022-05-19T13:23:27Z,2022-05-30T07:05:24Z,10d 17h 41m 57s,Sboonny,https://github.com/freeCodeCamp/freeCodeCamp/pull/46071
46070,31m 59s,31,0,0,0,0,2022-05-19T13:13:18Z,2022-05-19T13:45:31Z,32m 13s,ojeytonwilliams,https://github.com/freeCodeCamp/freeCodeCamp/pull/46070
46068,45m,45,0,0,0,0,2022-05-19T12:24:58Z,2022-05-19T14:16:46Z,1h 51m 48s,camperbot,https://github.com/freeCodeCamp/freeCodeCamp/pull/46068
46066,2h 43m,163,0,0,0,0,2022-05-19T10:26:52Z,2022-05-19T15:43:12Z,5h 16m 20s,colinthornton,https://github.com/freeCodeCamp/freeCodeCamp/pull/46066
46064,3d 16h,5280,0,0,0,0,2022-05-19T10:27:40Z,2022-06-07T14:52:23Z,19d 4h 24m 43s,ojeytonwilliams,https://github.com/freeCodeCamp/freeCodeCamp/pull/46064
46060,4h 51m,291,0,2,0,2,2022-05-19T03:06:15Z,2022-05-19T17:51:22Z,14h 45m 7s,naveensrinivasan,https://github.com/freeCodeCamp/freeCodeCamp/pull/46060
46055,1d 21h 20m,2720,0,0,0,0,2022-05-18T18:28:30Z,2022-05-26T14:05:31Z,7d 19h 37m 1s,Sboonny,https://github.com/freeCodeCamp/freeCodeCamp/pull/46055
46053,15m 56s,15,0,0,0,0,2022-05-18T16:54:09Z,2022-05-18T18:13:00Z,1h 18m 51s,ojeytonwilliams,https://github.com/freeCodeCamp/freeCodeCamp/pull/46053
46044,7m,7,0,0,0,0,2022-05-18T12:27:59Z,2022-05-18T13:22:36Z,54m 37s,camperbot,https://github.com/freeCodeCamp/freeCodeCamp/pull/46044
46042,10m,10,0,0,0,0,2022-05-18T10:31:38Z,2022-05-18T13:39:52Z,3h 8m 14s,ojeytonwilliams,https://github.com/freeCodeCamp/freeCodeCamp/pull/46042
46038,27m,27,0,0,0,0,2022-05-18T08:44:17Z,2022-05-18T13:27:54Z,4h 43m 37s,raditotev,https://github.com/freeCodeCamp/freeCodeCamp/pull/46038
46035,0s,0,0,0,0,0,2022-05-18T07:26:12Z,2022-05-18T08:10:30Z,44m 18s,ojeytonwilliams,https://github.com/freeCodeCamp/freeCodeCamp/pull/46035
46022,1h 50m 16s,110,0,0,0,0,2022-05-17T18:47:52Z,2022-05-17T20:38:33Z,1h 50m 41s,Sboonny,https://github.com/freeCodeCamp/freeCodeCamp/pull/46022
46019,11m 19s,11,0,0,0,0,2022-05-17T15:29:31Z,2022-05-17T15:44:56Z,15m 25s,moT01,https://github.com/freeCodeCamp/freeCodeCamp/pull/46019
46012,2h 45m 21s,165,0,0,0,0,2022-05-17T13:12:37Z,2022-05-17T15:58:08Z,2h 45m 31s,camperbot,https://github.com/freeCodeCamp/freeCodeCamp/pull/46012
46011,31m,31,0,0,0,0,2022-05-17T12:48:15Z,2022-05-17T13:54:56Z,1h 6m 41s,camperbot,https://github.com/freeCodeCamp/freeCodeCamp/pull/46011
46010,2h 58m,178,0,0,0,0,2022-05-17T12:10:46Z,2022-05-17T15:58:53Z,3h 48m 7s,camperbot,https://github.com/freeCodeCamp/freeCodeCamp/pull/46010
46000,3h 43m,223,0,0,0,0,2022-05-16T20:53:54Z,2022-05-17T15:43:36Z,18h 49m 42s,moT01,https://github.com/freeCodeCamp/freeCodeCamp/pull/46000
45999,2h,120,0,0,0,0,2022-05-16T19:59:12Z,2022-05-19T13:44:52Z,2d 17h 45m 40s,jeremylt,https://github.com/freeCodeCamp/freeCodeCamp/pull/45999
45998,2h,120,0,0,0,0,2022-05-16T19:45:30Z,2022-05-17T07:01:56Z,11h 16m 26s,jeremylt,https://github.com/freeCodeCamp/freeCodeCamp/pull/45998
45989,1d 10h 15m,2055,0,5,0,5,2022-05-24T13:45:39Z,2022-05-30T17:37:01Z,6d 3h 51m 22s,Sembauke,https://github.com/freeCodeCamp/freeCodeCamp/pull/45989
45980,0s,0,0,0,0,0,2022-05-15T12:00:08Z,2022-05-15T14:44:25Z,2h 44m 17s,Nirajn2311,https://github.com/freeCodeCamp/freeCodeCamp/pull/45980
45972,1h 10m,70,0,0,0,0,2022-05-14T16:01:39Z,2022-05-16T14:10:18Z,1d 22h 8m 39s,ShaunSHamilton,https://github.com/freeCodeCamp/freeCodeCamp/pull/45972
45958,1h 26m,86,0,0,0,0,2022-05-14T03:14:35Z,2022-05-16T14:27:29Z,2d 11h 12m 54s,benjaminJohnson2204,https://github.com/freeCodeCamp/freeCodeCamp/pull/45958
45954,0s,0,0,0,0,0,2022-05-13T21:40:12Z,2022-05-14T07:17:20Z,9h 37m 8s,naomi-lgbt,https://github.com/freeCodeCamp/freeCodeCamp/pull/45954
45953,2h,120,0,0,0,0,2022-05-13T19:49:35Z,2022-05-14T04:33:23Z,8h 43m 48s,CAPTAINCOBRA,https://github.com/freeCodeCamp/freeCodeCamp/pull/45953
45944,0s,0,0,0,0,0,2022-05-13T12:26:07Z,2022-05-13T13:27:53Z,1h 1m 46s,camperbot,https://github.com/freeCodeCamp/freeCodeCamp/pull/45944
45942,0s,0,0,0,0,0,2022-05-13T11:18:17Z,2022-05-14T04:36:26Z,17h 18m 9s,ojeytonwilliams,https://github.com/freeCodeCamp/freeCodeCamp/pull/45942
45934,53m 39s,53,0,0,0,0,2022-05-12T18:30:27Z,2022-05-12T19:24:16Z,53m 49s,ieahleen,https://github.com/freeCodeCamp/freeCodeCamp/pull/45934
45929,31m 14s,31,0,0,0,0,2022-05-12T15:02:38Z,2022-05-12T17:27:11Z,2h 24m 33s,moT01,https://github.com/freeCodeCamp/freeCodeCamp/pull/45929
45927,1h 41m,101,0,0,0,0,2022-05-12T12:28:27Z,2022-05-12T14:41:26Z,2h 12m 59s,camperbot,https://github.com/freeCodeCamp/freeCodeCamp/pull/45927
45925,1h 43m,103,0,3,0,3,2022-05-12T10:46:04Z,2022-05-12T14:43:41Z,3h 57m 37s,hassaanp,https://github.com/freeCodeCamp/freeCodeCamp/pull/45925
45923,0s,0,0,0,0,0,2022-05-12T02:47:36Z,2022-05-12T07:59:10Z,5h 11m 34s,moT01,https://github.com/freeCodeCamp/freeCodeCamp/pull/45923
45911,0s,0,0,1,0,1,2022-05-11T10:30:41Z,2022-05-12T05:43:21Z,19h 12m 40s,Abdelmalek123-Ennani,https://github.com/freeCodeCamp/freeCodeCamp/pull/45911
45910,1h,60,0,0,0,0,2022-05-10T20:57:42Z,2022-05-11T05:17:14Z,8h 19m 32s,ned-park,https://github.com/freeCodeCamp/freeCodeCamp/pull/45910
45909,4h 6m,246,0,1,0,1,2022-05-10T20:35:21Z,2022-05-11T18:20:39Z,21h 45m 18s,Sboonny,https://github.com/freeCodeCamp/freeCodeCamp/pull/45909
45902,1h 45m,105,0,0,0,0,2022-05-10T12:13:12Z,2022-05-10T15:03:53Z,2h 50m 41s,benjamrio,https://github.com/freeCodeCamp/freeCodeCamp/pull/45902
45891,0s,0,0,1,0,1,2022-05-09T05:09:29Z,2022-05-09T06:55:23Z,1h 45m 54s,BLBarricklow,https://github.com/freeCodeCamp/freeCodeCamp/pull/45891
45889,0s,0,0,0,0,0,2022-05-08T17:58:36Z,2022-05-09T06:57:45Z,12h 59m 9s,tahseenio,https://github.com/freeCodeCamp/freeCodeCamp/pull/45889
45879,0s,0,1,0,1,2,2022-05-07T03:54:41Z,2022-05-10T14:31:02Z,3d 10h 36m 21s,naveensrinivasan,https://github.com/freeCodeCamp/freeCodeCamp/pull/45879
45871,0s,0,0,0,0,0,2022-05-06T09:29:36Z,2022-05-06T11:44:14Z,2h 14m 38s,ojeytonwilliams,https://github.com/freeCodeCamp/freeCodeCamp/pull/45871
45870,3h,180,0,0,0,0,2022-05-05T18:39:17Z,2022-05-06T08:10:22Z,13h 31m 5s,RafaelDavisH,https://github.com/freeCodeCamp/freeCodeCamp/pull/45870
45868,0s,0,0,0,0,0,2022-05-05T11:21:36Z,2022-05-06T13:06:48Z,1d 1h 45m 12s,ahmadabdolsaheb,https://github.com/freeCodeCamp/freeCodeCamp/pull/45868
45857,18h 44m,1124,0,0,0,0,2022-05-13T10:59:18Z,2022-05-19T15:44:23Z,6d 4h 45m 5s,Nirajn2311,https://github.com/freeCodeCamp/freeCodeCamp/pull/45857
45802,11d 19h 8m,16988,0,0,0,0,2022-04-28T20:49:48Z,2022-06-14T06:39:25Z,46d 9h 49m 37s,bbsmooth,https://github.com/freeCodeCamp/freeCodeCamp/pull/45802
45786,1h 59m,119,0,0,0,0,2022-04-26T08:18:50Z,2022-04-26T15:00:39Z,6h 41m 49s,ojeytonwilliams,https://github.com/freeCodeCamp/freeCodeCamp/pull/45786
45780,11m 42s,11,0,0,0,0,2022-04-25T17:23:56Z,2022-04-25T17:35:39Z,11m 43s,naomi-lgbt,https://github.com/freeCodeCamp/freeCodeCamp/pull/45780
45750,4h,240,0,0,0,0,2022-04-22T17:59:41Z,2022-04-25T05:19:28Z,2d 11h 19m 47s,RafaelDavisH,https://github.com/freeCodeCamp/freeCodeCamp/pull/45750
45747,11m,11,0,0,0,0,2022-04-22T05:48:53Z,2022-04-24T09:53:25Z,2d 4h 4m 32s,yuanhepeng,https://github.com/freeCodeCamp/freeCodeCamp/pull/45747
45742,5h 4m,304,0,0,0,0,2022-04-21T12:59:19Z,2022-04-21T18:04:24Z,5h 5m 5s,camperbot,https://github.com/freeCodeCamp/freeCodeCamp/pull/45742
45737,4h,240,0,0,0,0,2022-04-20T17:24:04Z,2022-04-21T04:53:32Z,11h 29m 28s,Sboonny,https://github.com/freeCodeCamp/freeCodeCamp/pull/45737
45735,15m 47s,15,0,1,1,2,2022-04-20T14:13:51Z,2022-04-20T15:20:16Z,1h 6m 25s,ojeytonwilliams,https://github.com/freeCodeCamp/freeCodeCamp/pull/45735
45734,1h 8m,68,0,0,0,0,2022-04-20T12:29:23Z,2022-04-20T16:44:57Z,4h 15m 34s,camperbot,https://github.com/freeCodeCamp/freeCodeCamp/pull/45734
45733,1h 31m,91,0,0,0,0,2022-04-20T12:13:36Z,2022-04-20T14:31:39Z,2h 18m 3s,camperbot,https://github.com/freeCodeCamp/freeCodeCamp/pull/45733
45732,1h 32m,92,0,0,0,0,2022-04-20T11:57:56Z,2022-04-20T14:32:17Z,2h 34m 21s,ShaunSHamilton,https://github.com/freeCodeCamp/freeCodeCamp/pull/45732
45730,0s,0,0,0,0,0,2022-04-20T06:18:28Z,2022-04-20T06:38:34Z,20m 6s,bbsmooth,https://github.com/freeCodeCamp/freeCodeCamp/pull/45730
45727,11h 21m,681,0,0,0,0,2022-04-19T18:21:21Z,2022-04-21T04:54:02Z,1d 10h 32m 41s,jeremylt,https://github.com/freeCodeCamp/freeCodeCamp/pull/45727
45726,8h,480,0,0,1,1,2022-04-19T13:45:21Z,2022-04-20T12:37:55Z,22h 52m 34s,matheuspor,https://github.com/freeCodeCamp/freeCodeCamp/pull/45726
45724,1h 5m,65,0,0,0,0,2022-04-19T12:29:22Z,2022-04-19T14:44:21Z,2h 14m 59s,camperbot,https://github.com/freeCodeCamp/freeCodeCamp/pull/45724
45723,0s,0,0,0,0,0,2022-04-19T11:34:42Z,2022-04-19T15:27:20Z,3h 52m 38s,ojeytonwilliams,https://github.com/freeCodeCamp/freeCodeCamp/pull/45723
45722,0s,0,0,0,0,0,2022-04-19T11:19:42Z,2022-04-19T15:06:33Z,3h 46m 51s,ojeytonwilliams,https://github.com/freeCodeCamp/freeCodeCamp/pull/45722
45714,9m 42s,9,0,0,0,0,2022-04-18T14:26:48Z,2022-04-18T14:36:31Z,9m 43s,ieahleen,https://github.com/freeCodeCamp/freeCodeCamp/pull/45714
45711,1h 4m,64,0,1,1,2,2022-04-18T12:54:51Z,2022-04-19T14:48:03Z,1d 1h 53m 12s,camperbot,https://github.com/freeCodeCamp/freeCodeCamp/pull/45711
45710,36m,36,0,0,0,0,2022-04-18T12:23:51Z,2022-04-18T13:58:21Z,1h 34m 30s,camperbot,https://github.com/freeCodeCamp/freeCodeCamp/pull/45710
45708,0s,0,0,0,0,0,2022-04-18T12:09:22Z,2022-04-20T07:27:52Z,1d 19h 18m 30s,camperbot,https://github.com/freeCodeCamp/freeCodeCamp/pull/45708
45688,1d 19h 50m,2630,0,0,0,0,2022-05-12T15:37:13Z,2022-05-19T16:22:38Z,7d 0h 45m 25s,naomi-lgbt,https://github.com/freeCodeCamp/freeCodeCamp/pull/45688
45672,10h 51m,651,0,0,0,0,2022-04-11T21:25:41Z,2022-04-13T15:26:16Z,1d 18h 0m 35s,moT01,https://github.com/freeCodeCamp/freeCodeCamp/pull/45672
45670,59m 5s,59,0,0,0,0,2022-04-11T13:05:23Z,2022-04-11T14:04:39Z,59m 16s,camperbot,https://github.com/freeCodeCamp/freeCodeCamp/pull/45670
45669,1h 4m,64,0,0,0,0,2022-04-11T12:28:11Z,2022-04-11T14:04:10Z,1h 35m 59s,camperbot,https://github.com/freeCodeCamp/freeCodeCamp/pull/45669
45636,15h 57m,957,0,1,0,1,2022-05-13T16:05:25Z,2022-05-17T15:52:04Z,3d 23h 46m 39s,naomi-lgbt,https://github.com/freeCodeCamp/freeCodeCamp/pull/45636
45626,5h 6m,306,0,0,0,0,2022-04-05T12:58:04Z,2022-04-05T18:07:00Z,5h 8m 56s,camperbot,https://github.com/freeCodeCamp/freeCodeCamp/pull/45626
45625,0s,0,0,0,0,0,2022-04-05T06:02:11Z,2022-04-05T19:49:27Z,13h 47m 16s,lem0n4id,https://github.com/freeCodeCamp/freeCodeCamp/pull/45625
45624,3h 28m 19s,208,0,1,1,2,2022-04-04T15:47:30Z,2022-04-04T19:44:17Z,3h 56m 47s,alcaidet,https://github.com/freeCodeCamp/freeCodeCamp/pull/45624
45622,7h,420,0,0,0,0,2022-04-04T14:01:05Z,2022-04-05T21:23:17Z,1d 7h 22m 12s,fhsinchy,https://github.com/freeCodeCamp/freeCodeCamp/pull/45622
45621,0s,0,0,0,0,0,2022-04-04T12:57:41Z,2022-04-05T11:21:38Z,22h 23m 57s,camperbot,https://github.com/freeCodeCamp/freeCodeCamp/pull/45621
45620,0s,0,0,0,0,0,2022-04-04T12:28:22Z,2022-04-05T10:16:39Z,21h 48m 17s,camperbot,https://github.com/freeCodeCamp/freeCodeCamp/pull/45620
45618,0s,0,0,0,0,0,2022-04-04T12:13:00Z,2022-04-05T11:20:59Z,23h 7m 59s,camperbot,https://github.com/freeCodeCamp/freeCodeCamp/pull/45618
45600,12m 9s,12,0,3,0,3,2022-05-25T16:51:26Z,2022-05-25T17:35:06Z,43m 40s,moT01,https://github.com/freeCodeCamp/freeCodeCamp/pull/45600
45589,16h 16m,976,0,0,0,0,2022-03-31T23:16:38Z,2022-04-05T15:11:01Z,4d 15h 54m 23s,karenjoycelowe,https://github.com/freeCodeCamp/freeCodeCamp/pull/45589
45581,8h,480,0,0,0,0,2022-03-31T08:26:12Z,2022-04-05T13:59:47Z,5d 5h 33m 35s,raditotev,https://github.com/freeCodeCamp/freeCodeCamp/pull/45581
45574,17m 48s,17,0,0,0,0,2022-03-30T13:16:23Z,2022-03-30T13:59:31Z,43m 8s,camperbot,https://github.com/freeCodeCamp/freeCodeCamp/pull/45574
45573,33m,33,0,0,0,0,2022-03-30T12:56:32Z,2022-03-30T13:58:34Z,1h 2m 2s,camperbot,https://github.com/freeCodeCamp/freeCodeCamp/pull/45573
45566,23m 38s,23,0,0,0,0,2022-03-29T13:18:10Z,2022-03-29T14:01:40Z,43m 30s,camperbot,https://github.com/freeCodeCamp/freeCodeCamp/pull/45566
45565,12m,12,0,0,0,0,2022-03-29T12:46:49Z,2022-03-29T14:01:21Z,1h 14m 32s,camperbot,https://github.com/freeCodeCamp/freeCodeCamp/pull/45565
45564,0s,0,0,0,0,0,2022-03-29T00:10:49Z,2022-03-29T09:25:58Z,9h 15m 9s,JordanMooree,https://github.com/freeCodeCamp/freeCodeCamp/pull/45564
45562,8h 30m,510,0,3,1,4,2022-09-27T18:02:46Z,2022-09-28T18:30:22Z,1d 0h 27m 36s,ShaunSHamilton,https://github.com/freeCodeCamp/freeCodeCamp/pull/45562
45558,56m 8s,56,0,1,0,1,2022-03-28T15:00:53Z,2022-03-28T19:55:15Z,4h 54m 22s,ojeytonwilliams,https://github.com/freeCodeCamp/freeCodeCamp/pull/45558
45530,9d 8h,13440,0,13,0,13,2022-04-18T06:22:00Z,2022-06-03T16:57:53Z,46d 10h 35m 53s,raditotev,https://github.com/freeCodeCamp/freeCodeCamp/pull/45530
45529,0s,0,0,0,0,0,2022-03-25T12:31:38Z,2022-03-25T12:54:16Z,22m 38s,camperbot,https://github.com/freeCodeCamp/freeCodeCamp/pull/45529
45526,1d 5h 20m,1760,0,0,0,0,2022-03-24T18:35:15Z,2022-03-30T13:35:14Z,5d 18h 59m 59s,naomi-lgbt,https://github.com/freeCodeCamp/freeCodeCamp/pull/45526
45525,3h,180,0,0,0,0,2022-03-24T18:20:28Z,2022-03-25T10:45:19Z,16h 24m 51s,naomi-lgbt,https://github.com/freeCodeCamp/freeCodeCamp/pull/45525
45517,0s,0,0,0,0,0,2022-03-24T11:16:16Z,2022-03-25T12:16:48Z,1d 1h 0m 32s,fhsinchy,https://github.com/freeCodeCamp/freeCodeCamp/pull/45517
45498,0s,0,0,0,0,0,2022-03-21T23:06:41Z,2022-03-22T12:22:26Z,13h 15m 45s,bbsmooth,https://github.com/freeCodeCamp/freeCodeCamp/pull/45498
45497,0s,0,0,0,0,0,2022-03-21T21:59:36Z,2022-03-22T06:12:11Z,8h 12m 35s,lem0n4id,https://github.com/freeCodeCamp/freeCodeCamp/pull/45497
45491,0s,0,0,0,0,0,2022-03-21T12:33:01Z,2022-03-21T14:05:26Z,1h 32m 25s,renovate[bot],https://github.com/freeCodeCamp/freeCodeCamp/pull/45491
45490,0s,0,0,0,0,0,2022-03-21T12:24:39Z,2022-03-21T12:59:04Z,34m 25s,camperbot,https://github.com/freeCodeCamp/freeCodeCamp/pull/45490
45488,0s,0,3,0,1,4,2022-03-21T11:07:55Z,2022-03-22T07:53:00Z,20h 45m 5s,huyenltnguyen,https://github.com/freeCodeCamp/freeCodeCamp/pull/45488
45479,1d 11h 16m,2116,0,0,0,0,2022-03-19T23:49:02Z,2022-03-25T12:53:46Z,5d 13h 4m 44s,renovate[bot],https://github.com/freeCodeCamp/freeCodeCamp/pull/45479
45451,0s,0,0,0,0,0,2022-03-17T11:40:38Z,2022-03-17T12:08:49Z,28m 11s,Sumanth077,https://github.com/freeCodeCamp/freeCodeCamp/pull/45451
45450,0s,0,0,0,0,0,2022-03-17T11:24:07Z,2022-03-17T12:28:25Z,1h 4m 18s,ahmadabdolsaheb,https://github.com/freeCodeCamp/freeCodeCamp/pull/45450
45447,0s,0,0,0,1,1,2022-03-16T22:24:04Z,2022-03-17T10:04:20Z,11h 40m 16s,todemudia,https://github.com/freeCodeCamp/freeCodeCamp/pull/45447
45444,4h 41m,281,0,0,0,0,2022-03-16T12:23:22Z,2022-03-16T17:41:33Z,5h 18m 11s,camperbot,https://github.com/freeCodeCamp/freeCodeCamp/pull/45444
45442,1d 0h 24m,1464,0,0,0,0,2022-03-15T22:12:10Z,2022-03-19T07:56:58Z,3d 9h 44m 48s,naomi-lgbt,https://github.com/freeCodeCamp/freeCodeCamp/pull/45442
45411,1h 24m,84,0,0,0,0,2022-03-11T11:18:23Z,2022-03-11T15:24:47Z,4h 6m 24s,ojeytonwilliams,https://github.com/freeCodeCamp/freeCodeCamp/pull/45411
45402,8h,480,0,0,0,0,2022-03-10T14:58:24Z,2022-03-11T05:23:33Z,14h 25m 9s,ieahleen,https://github.com/freeCodeCamp/freeCodeCamp/pull/45402
45395,0s,0,0,0,0,0,2022-03-09T12:54:58Z,2022-03-09T15:29:59Z,2h 35m 1s,camperbot,https://github.com/freeCodeCamp/freeCodeCamp/pull/45395
45394,0s,0,0,0,0,0,2022-03-09T12:23:28Z,2022-03-09T14:40:57Z,2h 17m 29s,camperbot,https://github.com/freeCodeCamp/freeCodeCamp/pull/45394
45383,1h 8m,68,0,0,0,0,2022-03-08T12:23:40Z,2022-03-08T15:08:35Z,2h 44m 55s,camperbot,https://github.com/freeCodeCamp/freeCodeCamp/pull/45383
45375,5h,300,0,0,0,0,2022-03-07T17:05:07Z,2022-03-09T09:52:32Z,1d 16h 47m 25s,lasjorg,https://github.com/freeCodeCamp/freeCodeCamp/pull/45375
45372,16m,16,0,0,0,0,2022-03-07T12:25:45Z,2022-03-07T14:16:09Z,1h 50m 24s,camperbot,https://github.com/freeCodeCamp/freeCodeCamp/pull/45372
45371,16m,16,0,0,0,0,2022-03-07T12:04:53Z,2022-03-07T14:16:47Z,2h 11m 54s,camperbot,https://github.com/freeCodeCamp/freeCodeCamp/pull/45371
45362,0s,0,0,0,0,0,2022-03-07T03:29:43Z,2022-03-07T05:09:00Z,1h 39m 17s,kai-wei-mo,https://github.com/freeCodeCamp/freeCodeCamp/pull/45362
45360,0s,0,0,0,0,0,2022-03-06T16:44:06Z,2022-03-07T05:11:20Z,12h 27m 14s,lasjorg,https://github.com/freeCodeCamp/freeCodeCamp/pull/45360
45354,2d 18h 13m,3973,0,0,0,0,2022-03-06T01:43:48Z,2022-03-17T11:07:18Z,11d 9h 23m 30s,kai-wei-mo,https://github.com/freeCodeCamp/freeCodeCamp/pull/45354
45347,6m,6,0,0,0,0,2022-03-04T13:53:42Z,2022-03-04T14:15:20Z,21m 38s,moT01,https://github.com/freeCodeCamp/freeCodeCamp/pull/45347
45344,17m,17,0,0,0,0,2022-03-04T12:25:26Z,2022-03-04T14:17:07Z,1h 51m 41s,camperbot,https://github.com/freeCodeCamp/freeCodeCamp/pull/45344
45343,0s,0,0,0,0,0,2022-03-04T12:04:44Z,2022-03-05T05:26:45Z,17h 22m 1s,camperbot,https://github.com/freeCodeCamp/freeCodeCamp/pull/45343
45341,8h,480,0,1,0,1,2022-03-04T02:41:11Z,2022-03-07T05:12:25Z,3d 2h 31m 14s,vin-m,https://github.com/freeCodeCamp/freeCodeCamp/pull/45341
45337,0s,0,0,0,0,0,2022-03-03T22:05:40Z,2022-03-04T07:37:30Z,9h 31m 50s,ShaunSHamilton,https://github.com/freeCodeCamp/freeCodeCamp/pull/45337
45336,4h,240,0,0,0,0,2022-03-03T18:51:40Z,2022-03-04T07:36:34Z,12h 44m 54s,naomi-lgbt,https://github.com/freeCodeCamp/freeCodeCamp/pull/45336
45333,16m,16,0,0,0,0,2022-03-03T12:59:59Z,2022-03-04T14:16:29Z,1d 1h 16m 30s,camperbot,https://github.com/freeCodeCamp/freeCodeCamp/pull/45333
45332,1h,60,0,0,0,0,2022-03-03T12:34:18Z,2022-03-03T15:00:26Z,2h 26m 8s,camperbot,https://github.com/freeCodeCamp/freeCodeCamp/pull/45332
45330,0s,0,0,0,0,0,2022-03-03T06:22:06Z,2022-03-03T08:13:37Z,1h 51m 31s,renovate[bot],https://github.com/freeCodeCamp/freeCodeCamp/pull/45330
45329,0s,0,0,0,0,0,2022-03-03T06:21:55Z,2022-03-03T08:12:39Z,1h 50m 44s,renovate[bot],https://github.com/freeCodeCamp/freeCodeCamp/pull/45329
45328,0s,0,0,0,0,0,2022-03-03T06:21:42Z,2022-03-03T08:12:14Z,1h 50m 32s,renovate[bot],https://github.com/freeCodeCamp/freeCodeCamp/pull/45328
45327,0s,0,0,0,0,0,2022-03-03T06:21:31Z,2022-03-03T08:11:45Z,1h 50m 14s,renovate[bot],https://github.com/freeCodeCamp/freeCodeCamp/pull/45327
45326,0s,0,0,0,0,0,2022-03-03T06:12:30Z,2022-03-03T06:22:13Z,9m 43s,renovate[bot],https://github.com/freeCodeCamp/freeCodeCamp/pull/45326
45325,0s,0,0,0,0,0,2022-03-03T06:12:12Z,2022-03-03T08:11:11Z,1h 58m 59s,renovate[bot],https://github.com/freeCodeCamp/freeCodeCamp/pull/45325
45324,0s,0,0,0,0,0,2022-03-03T06:11:57Z,2022-03-03T06:29:31Z,17m 34s,renovate[bot],https://github.com/freeCodeCamp/freeCodeCamp/pull/45324
45318,7h,420,0,0,0,0,2022-03-02T15:18:36Z,2022-03-03T05:59:04Z,14h 40m 28s,naomi-lgbt,https://github.com/freeCodeCamp/freeCodeCamp/pull/45318
45299,2h 9m,129,0,0,0,0,2022-03-01T12:58:27Z,2022-03-01T16:09:27Z,3h 11m,camperbot,https://github.com/freeCodeCamp/freeCodeCamp/pull/45299
45298,2h 8m,128,0,0,0,0,2022-03-01T12:30:27Z,2022-03-01T16:09:06Z,3h 38m 39s,camperbot,https://github.com/freeCodeCamp/freeCodeCamp/pull/45298
45297,2h 8m,128,0,0,0,0,2022-03-01T12:09:58Z,2022-03-01T16:08:39Z,3h 58m 41s,camperbot,https://github.com/freeCodeCamp/freeCodeCamp/pull/45297
45294,11h 5m,665,0,1,0,1,2022-02-28T19:05:19Z,2022-03-02T10:00:55Z,1d 14h 55m 36s,renovate[bot],https://github.com/freeCodeCamp/freeCodeCamp/pull/45294
45291,8h 7m,487,0,0,0,0,2022-02-28T15:51:36Z,2022-03-01T15:07:53Z,23h 16m 17s,huyenltnguyen,https://github.com/freeCodeCamp/freeCodeCamp/pull/45291
45290,8h 9m,489,0,1,0,1,2022-02-28T15:01:03Z,2022-03-01T15:10:04Z,1d 0h 9m 1s,HenMoshe,https://github.com/freeCodeCamp/freeCodeCamp/pull/45290
45286,51m,51,0,0,0,0,2022-02-28T12:25:29Z,2022-02-28T16:46:04Z,4h 20m 35s,camperbot,https://github.com/freeCodeCamp/freeCodeCamp/pull/45286
45285,1d,1440,0,0,0,0,2022-02-28T11:32:45Z,2022-03-07T05:21:33Z,6d 17h 48m 48s,ojeytonwilliams,https://github.com/freeCodeCamp/freeCodeCamp/pull/45285
45278,0s,0,0,0,0,0,2022-02-27T16:10:09Z,2022-02-28T05:25:45Z,13h 15m 36s,HenMoshe,https://github.com/freeCodeCamp/freeCodeCamp/pull/45278
45260,0s,0,0,0,0,0,2022-02-26T02:54:30Z,2022-02-26T04:35:40Z,1h 41m 10s,karenjoycelowe,https://github.com/freeCodeCamp/freeCodeCamp/pull/45260
45258,3h,180,0,0,0,0,2022-02-25T19:10:39Z,2022-02-28T10:49:32Z,2d 15h 38m 53s,naomi-lgbt,https://github.com/freeCodeCamp/freeCodeCamp/pull/45258
45257,1h 45m 59s,105,0,0,0,0,2022-02-25T17:22:19Z,2022-02-25T19:08:19Z,1h 46m,naomi-lgbt,https://github.com/freeCodeCamp/freeCodeCamp/pull/45257
45255,0s,0,0,0,0,0,2022-02-25T12:25:41Z,2022-02-25T12:50:33Z,24m 52s,camperbot,https://github.com/freeCodeCamp/freeCodeCamp/pull/45255
45253,0s,0,0,0,0,0,2022-02-25T09:59:05Z,2022-02-25T17:30:35Z,7h 31m 30s,ojeytonwilliams,https://github.com/freeCodeCamp/freeCodeCamp/pull/45253
45250,0s,0,0,0,0,0,2022-02-25T09:11:42Z,2022-02-25T09:38:29Z,26m 47s,ojeytonwilliams,https://github.com/freeCodeCamp/freeCodeCamp/pull/45250
45248,0s,0,0,0,0,0,2022-02-25T08:52:25Z,2022-02-25T09:36:36Z,44m 11s,ojeytonwilliams,https://github.com/freeCodeCamp/freeCodeCamp/pull/45248
45234,4h 18m,258,0,0,0,0,2022-02-24T12:26:01Z,2022-02-24T18:18:05Z,5h 52m 4s,camperbot,https://github.com/freeCodeCamp/freeCodeCamp/pull/45234
45226,1m 16s,1,0,0,0,0,2022-02-23T15:23:23Z,2022-02-23T15:42:30Z,19m 7s,moT01,https://github.com/freeCodeCamp/freeCodeCamp/pull/45226
45223,0s,0,0,0,0,0,2022-02-23T12:51:30Z,2022-02-23T13:10:00Z,18m 30s,camperbot,https://github.com/freeCodeCamp/freeCodeCamp/pull/45223
45222,0s,0,0,0,0,0,2022-02-23T12:25:36Z,2022-02-23T12:41:30Z,15m 54s,camperbot,https://github.com/freeCodeCamp/freeCodeCamp/pull/45222
45213,1h 25m,85,0,0,0,0,2022-02-22T12:26:02Z,2022-02-22T15:25:27Z,2h 59m 25s,camperbot,https://github.com/freeCodeCamp/freeCodeCamp/pull/45213
45212,1h 25m,85,0,0,0,0,2022-02-22T12:05:18Z,2022-02-22T15:25:51Z,3h 20m 33s,camperbot,https://github.com/freeCodeCamp/freeCodeCamp/pull/45212
45204,3h,180,0,0,0,0,2022-02-21T12:04:29Z,2022-02-21T17:00:13Z,4h 55m 44s,camperbot,https://github.com/freeCodeCamp/freeCodeCamp/pull/45204
45203,2h 32m,152,0,2,0,2,2022-02-21T11:58:26Z,2022-02-22T19:04:33Z,1d 7h 6m 7s,Jagrutiti,https://github.com/freeCodeCamp/freeCodeCamp/pull/45203
45201,16h 48m,1008,0,0,0,0,2022-02-20T16:24:50Z,2022-02-23T08:22:45Z,2d 15h 57m 55s,sidemt,https://github.com/freeCodeCamp/freeCodeCamp/pull/45201
45180,3h 14m,194,0,0,0,0,2022-02-19T00:52:09Z,2022-02-21T17:14:28Z,2d 16h 22m 19s,zelf0,https://github.com/freeCodeCamp/freeCodeCamp/pull/45180
45174,0s,0,0,0,0,0,2022-02-18T22:37:19Z,2022-02-21T03:12:25Z,2d 4h 35m 6s,zelf0,https://github.com/freeCodeCamp/freeCodeCamp/pull/45174
45169,1d 0h 12m,1452,1,0,0,1,2022-03-01T01:06:57Z,2022-03-04T10:08:09Z,3d 9h 1m 12s,moT01,https://github.com/freeCodeCamp/freeCodeCamp/pull/45169
45168,3h,180,0,0,0,0,2022-02-18T19:48:49Z,2022-02-20T14:05:53Z,1d 18h 17m 4s,poonkuzhali,https://github.com/freeCodeCamp/freeCodeCamp/pull/45168
45167,1d 6h 45m,1845,0,0,0,0,2022-02-18T16:15:37Z,2022-02-24T13:24:07Z,5d 21h 8m 30s,naomi-lgbt,https://github.com/freeCodeCamp/freeCodeCamp/pull/45167
45150,0s,0,0,0,0,0,2022-02-17T12:25:21Z,2022-02-17T18:49:44Z,6h 24m 23s,camperbot,https://github.com/freeCodeCamp/freeCodeCamp/pull/45150
45133,2d 8h 12m,3372,0,0,0,0,2022-02-15T18:42:55Z,2022-02-24T10:59:56Z,8d 16h 17m 1s,naomi-lgbt,https://github.com/freeCodeCamp/freeCodeCamp/pull/45133
45130,14h 12m,852,0,0,0,0,2022-02-15T18:09:35Z,2022-02-17T16:03:02Z,1d 21h 53m 27s,naomi-lgbt,https://github.com/freeCodeCamp/freeCodeCamp/pull/45130
45085,2d 8h,3360,0,2,0,2,2022-02-11T13:46:09Z,2022-02-25T03:11:25Z,13d 13h 25m 16s,ojeytonwilliams,https://github.com/freeCodeCamp/freeCodeCamp/pull/45085
45056,1d 10h 4m,2044,0,0,0,0,2022-02-09T09:36:50Z,2022-02-17T16:04:28Z,8d 6h 27m 38s,renovate[bot],https://github.com/freeCodeCamp/freeCodeCamp/pull/45056
45034,1d 20h 12m,2652,0,0,0,0,2022-02-06T13:46:49Z,2022-02-15T18:12:15Z,9d 4h 25m 26s,renovate[bot],https://github.com/freeCodeCamp/freeCodeCamp/pull/45034
45031,10h 39m,639,0,0,0,0,2022-02-05T23:48:29Z,2022-02-08T15:51:19Z,2d 16h 2m 50s,bbsmooth,https://github.com/freeCodeCamp/freeCodeCamp/pull/45031
45026,4d,5760,0,0,0,0,2022-02-05T12:47:37Z,2022-02-24T11:19:00Z,18d 22h 31m 23s,c-ehrlich,https://github.com/freeCodeCamp/freeCodeCamp/pull/45026
45013,2d 8h 9m,3369,0,0,0,0,2022-02-03T19:35:42Z,2022-02-14T15:39:48Z,10d 20h 4m 6s,renovate[bot],https://github.com/freeCodeCamp/freeCodeCamp/pull/45013
44967,3d 23h 5m,5705,0,0,0,0,2022-01-30T01:17:55Z,2022-02-15T17:58:50Z,16d 16h 40m 55s,Lana-Lannister,https://github.com/freeCodeCamp/freeCodeCamp/pull/44967
44959,2h,120,0,0,0,0,2022-01-28T20:59:02Z,2022-01-31T09:52:26Z,2d 12h 53m 24s,sidemt,https://github.com/freeCodeCamp/freeCodeCamp/pull/44959
44957,6d 17h 10m,9670,0,0,0,0,2022-01-28T16:10:35Z,2022-02-25T12:17:21Z,27d 20h 6m 46s,renovate[bot],https://github.com/freeCodeCamp/freeCodeCamp/pull/44957
44937,7h,420,0,0,0,0,2022-01-27T15:01:21Z,2022-01-28T08:02:07Z,17h 0m 46s,ojeytonwilliams,https://github.com/freeCodeCamp/freeCodeCamp/pull/44937
44935,0s,0,0,0,0,0,2022-01-27T12:25:20Z,2022-01-27T13:30:07Z,1h 4m 47s,camperbot,https://github.com/freeCodeCamp/freeCodeCamp/pull/44935
44934,0s,0,0,0,0,0,2022-01-27T12:04:26Z,2022-01-27T13:30:36Z,1h 26m 10s,camperbot,https://github.com/freeCodeCamp/freeCodeCamp/pull/44934
44893,5h,300,0,0,0,0,2022-01-24T17:21:44Z,2022-01-25T05:39:41Z,12h 17m 57s,ojeytonwilliams,https://github.com/freeCodeCamp/freeCodeCamp/pull/44893
44873,2h 44m,164,0,1,0,1,2022-01-22T02:53:09Z,2022-01-24T16:44:14Z,2d 13h 51m 5s,renovate[bot],https://github.com/freeCodeCamp/freeCodeCamp/pull/44873
44826,9h,540,0,0,0,0,2022-01-18T21:20:10Z,2022-01-20T04:31:09Z,1d 7h 10m 59s,naomi-lgbt,https://github.com/freeCodeCamp/freeCodeCamp/pull/44826
44822,13h,780,0,0,0,0,2022-01-18T17:20:57Z,2022-01-20T04:36:23Z,1d 11h 15m 26s,ojeytonwilliams,https://github.com/freeCodeCamp/freeCodeCamp/pull/44822
44809,10d 20h 14m,15614,1,0,1,2,2022-01-17T16:40:19Z,2022-02-28T18:51:54Z,42d 2h 11m 35s,urvisinghal,https://github.com/freeCodeCamp/freeCodeCamp/pull/44809
44794,11d 23h 6m,17226,0,0,0,0,2022-01-15T20:42:40Z,2022-03-03T13:56:10Z,46d 17h 13m 30s,bbsmooth,https://github.com/freeCodeCamp/freeCodeCamp/pull/44794
44786,12h 52m,772,0,0,0,0,2022-01-15T02:04:53Z,2022-01-18T18:49:06Z,3d 16h 44m 13s,bbsmooth,https://github.com/freeCodeCamp/freeCodeCamp/pull/44786
44774,19h 38m,1178,0,0,0,0,2022-01-14T08:47:50Z,2022-01-20T17:51:01Z,6d 9h 3m 11s,renovate[bot],https://github.com/freeCodeCamp/freeCodeCamp/pull/44774
44757,0s,0,0,1,0,1,2022-01-12T00:35:10Z,2022-01-12T10:08:37Z,9h 33m 27s,juanalbglz,https://github.com/freeCodeCamp/freeCodeCamp/pull/44757
44748,0s,0,0,0,0,0,2022-01-11T12:25:39Z,2022-01-11T12:42:12Z,16m 33s,camperbot,https://github.com/freeCodeCamp/freeCodeCamp/pull/44748
44737,0s,0,0,0,0,0,2022-01-10T08:01:46Z,2022-01-10T13:08:50Z,5h 7m 4s,ShaunSHamilton,https://github.com/freeCodeCamp/freeCodeCamp/pull/44737
44734,13h 6m,786,0,0,0,0,2022-01-10T02:50:41Z,2022-01-11T19:06:17Z,1d 16h 15m 36s,renovate[bot],https://github.com/freeCodeCamp/freeCodeCamp/pull/44734
44725,3d 1h 49m,4429,0,0,0,0,2022-02-03T14:50:52Z,2022-02-15T17:59:32Z,12d 3h 8m 40s,ojeytonwilliams,https://github.com/freeCodeCamp/freeCodeCamp/pull/44725
44714,8h,480,0,0,0,0,2022-01-07T14:51:27Z,2022-01-08T06:12:17Z,15h 20m 50s,ojeytonwilliams,https://github.com/freeCodeCamp/freeCodeCamp/pull/44714
44701,4h,240,0,1,0,1,2022-01-06T18:20:39Z,2022-01-07T07:47:16Z,13h 26m 37s,erictleung,https://github.com/freeCodeCamp/freeCodeCamp/pull/44701
44700,16d 18h 34m,24154,3,2,1,6,2022-01-12T22:54:32Z,2022-03-31T15:34:40Z,77d 16h 40m 8s,moT01,https://github.com/freeCodeCamp/freeCodeCamp/pull/44700
44699,15h 7m,907,0,2,0,2,2022-01-06T15:07:49Z,2022-01-08T13:02:03Z,1d 21h 54m 14s,naomi-lgbt,https://github.com/freeCodeCamp/freeCodeCamp/pull/44699
44695,0s,0,0,0,0,0,2022-01-06T05:21:35Z,2022-01-06T06:12:14Z,50m 39s,naomi-lgbt,https://github.com/freeCodeCamp/freeCodeCamp/pull/44695
44692,11h 48m,708,0,0,0,0,2022-01-05T19:48:17Z,2022-01-07T07:50:48Z,1d 12h 2m 31s,naomi-lgbt,https://github.com/freeCodeCamp/freeCodeCamp/pull/44692
44688,1h,60,0,0,0,0,2022-01-05T13:56:27Z,2022-01-06T19:26:43Z,1d 5h 30m 16s,DarshanVaishya,https://github.com/freeCodeCamp/freeCodeCamp/pull/44688
44674,4h 25m,265,0,0,0,0,2022-01-04T19:50:04Z,2022-01-05T15:25:24Z,19h 35m 20s,naomi-lgbt,https://github.com/freeCodeCamp/freeCodeCamp/pull/44674
44672,1h 25m,85,1,0,0,1,2022-01-04T13:10:48Z,2022-01-04T15:59:50Z,2h 49m 2s,aleksaKis,https://github.com/freeCodeCamp/freeCodeCamp/pull/44672
44669,1h 8m,68,0,0,0,0,2022-01-04T11:33:33Z,2022-01-04T15:08:53Z,3h 35m 20s,ojeytonwilliams,https://github.com/freeCodeCamp/freeCodeCamp/pull/44669
44665,0s,0,0,0,0,0,2022-01-04T09:06:58Z,2022-01-04T12:48:20Z,3h 41m 22s,ojeytonwilliams,https://github.com/freeCodeCamp/freeCodeCamp/pull/44665
44663,0s,0,0,0,0,0,2022-01-03T22:45:12Z,2022-01-04T11:19:31Z,12h 34m 19s,aleksaKis,https://github.com/freeCodeCamp/freeCodeCamp/pull/44663
44658,0s,0,0,4,1,5,2022-01-03T11:16:18Z,2022-01-04T05:35:40Z,18h 19m 22s,ojeytonwilliams,https://github.com/freeCodeCamp/freeCodeCamp/pull/44658
44657,0s,0,0,0,0,0,2022-01-03T10:31:09Z,2022-01-03T11:57:58Z,1h 26m 49s,ojeytonwilliams,https://github.com/freeCodeCamp/freeCodeCamp/pull/44657
44637,0s,0,0,0,0,0,2022-01-01T12:48:23Z,2022-01-02T10:56:16Z,22h 7m 53s,camperbot,https://github.com/freeCodeCamp/freeCodeCamp/pull/44637
