Reviewer,PR Number,Review time (mins),Code Review Comments,PR Issue Comments,PR Review Comments,Total Comments,PR URL
Sembauke,PR 48385,0,0,0,0,0,https://github.com/freeCodeCamp/freeCodeCamp/pull/48385
Sembauke,PR 48370,480,0,0,0,0,https://github.com/freeCodeCamp/freeCodeCamp/pull/48370
Sembauke,PR 47978,77,0,0,0,0,https://github.com/freeCodeCamp/freeCodeCamp/pull/47978
Sembauke,PR 46122,6,0,0,0,0,https://github.com/freeCodeCamp/freeCodeCamp/pull/46122
Sembauke,PR 45781,8,0,0,0,0,https://github.com/freeCodeCamp/freeCodeCamp/pull/45781
Sembauke,PR 45775,141,0,2,0,2,https://github.com/freeCodeCamp/freeCodeCamp/pull/45775
Sembauke,PR 45228,180,0,0,0,0,https://github.com/freeCodeCamp/freeCodeCamp/pull/45228
