Reviewer,PR Number,Review time (mins),Code Review Comments,PR Issue Comments,PR Review Comments,Total Comments,PR URL
naomi-lgbt,PR 48385,0,2,0,1,3,https://github.com/freeCodeCamp/freeCodeCamp/pull/48385
naomi-lgbt,PR 48378,0,0,0,0,0,https://github.com/freeCodeCamp/freeCodeCamp/pull/48378
naomi-lgbt,PR 48373,0,0,0,0,0,https://github.com/freeCodeCamp/freeCodeCamp/pull/48373
naomi-lgbt,PR 48370,265,0,0,0,0,https://github.com/freeCodeCamp/freeCodeCamp/pull/48370
naomi-lgbt,PR 48279,131,0,0,0,0,https://github.com/freeCodeCamp/freeCodeCamp/pull/48279
naomi-lgbt,PR 48258,247,0,0,0,0,https://github.com/freeCodeCamp/freeCodeCamp/pull/48258
naomi-lgbt,PR 48023,332,1,0,1,2,https://github.com/freeCodeCamp/freeCodeCamp/pull/48023
naomi-lgbt,PR 47834,66,5,0,2,7,https://github.com/freeCodeCamp/freeCodeCamp/pull/47834
naomi-lgbt,PR 47560,12,0,0,0,0,https://github.com/freeCodeCamp/freeCodeCamp/pull/47560
naomi-lgbt,PR 46528,7,0,1,0,1,https://github.com/freeCodeCamp/freeCodeCamp/pull/46528
naomi-lgbt,PR 46231,9,0,1,0,1,https://github.com/freeCodeCamp/freeCodeCamp/pull/46231
naomi-lgbt,PR 46122,4,0,0,0,0,https://github.com/freeCodeCamp/freeCodeCamp/pull/46122
naomi-lgbt,PR 46121,1,0,0,0,0,https://github.com/freeCodeCamp/freeCodeCamp/pull/46121
naomi-lgbt,PR 46073,62,0,0,0,0,https://github.com/freeCodeCamp/freeCodeCamp/pull/46073
naomi-lgbt,PR 46005,143,0,0,0,0,https://github.com/freeCodeCamp/freeCodeCamp/pull/46005
naomi-lgbt,PR 45781,4,0,0,0,0,https://github.com/freeCodeCamp/freeCodeCamp/pull/45781
naomi-lgbt,PR 45775,112,0,0,0,0,https://github.com/freeCodeCamp/freeCodeCamp/pull/45775
naomi-lgbt,PR 45508,742,0,0,0,0,https://github.com/freeCodeCamp/freeCodeCamp/pull/45508
naomi-lgbt,PR 45353,0,0,0,0,0,https://github.com/freeCodeCamp/freeCodeCamp/pull/45353
naomi-lgbt,PR 45292,172,0,1,0,1,https://github.com/freeCodeCamp/freeCodeCamp/pull/45292
naomi-lgbt,PR 45230,52,0,1,0,1,https://github.com/freeCodeCamp/freeCodeCamp/pull/45230
naomi-lgbt,PR 45228,17,0,1,0,1,https://github.com/freeCodeCamp/freeCodeCamp/pull/45228
naomi-lgbt,PR 45163,0,0,0,0,0,https://github.com/freeCodeCamp/freeCodeCamp/pull/45163
naomi-lgbt,PR 44780,151,0,0,0,0,https://github.com/freeCodeCamp/freeCodeCamp/pull/44780
