Reviewer,PR Number,Review time (mins),Code Review Comments,PR Issue Comments,PR Review Comments,Total Comments,PR URL
ojeytonwilliams,PR 46176,69,0,0,0,0,https://github.com/freeCodeCamp/freeCodeCamp/pull/46176
ojeytonwilliams,PR 45560,0,0,0,0,0,https://github.com/freeCodeCamp/freeCodeCamp/pull/45560
ojeytonwilliams,PR 45382,0,0,0,0,0,https://github.com/freeCodeCamp/freeCodeCamp/pull/45382
ojeytonwilliams,PR 45365,0,0,0,0,0,https://github.com/freeCodeCamp/freeCodeCamp/pull/45365
ojeytonwilliams,PR 45292,360,0,0,0,0,https://github.com/freeCodeCamp/freeCodeCamp/pull/45292
ojeytonwilliams,PR 45282,80,0,0,0,0,https://github.com/freeCodeCamp/freeCodeCamp/pull/45282
ojeytonwilliams,PR 45252,0,0,0,0,0,https://github.com/freeCodeCamp/freeCodeCamp/pull/45252
ojeytonwilliams,PR 45230,120,0,0,0,0,https://github.com/freeCodeCamp/freeCodeCamp/pull/45230
ojeytonwilliams,PR 45228,0,0,3,0,3,https://github.com/freeCodeCamp/freeCodeCamp/pull/45228
ojeytonwilliams,PR 45163,0,0,0,0,0,https://github.com/freeCodeCamp/freeCodeCamp/pull/45163
ojeytonwilliams,PR 44780,28,0,0,0,0,https://github.com/freeCodeCamp/freeCodeCamp/pull/44780
ojeytonwilliams,PR 44753,78,3,2,2,7,https://github.com/freeCodeCamp/freeCodeCamp/pull/44753
ojeytonwilliams,PR 44707,0,0,0,0,0,https://github.com/freeCodeCamp/freeCodeCamp/pull/44707
