Reviewer,PR Number,Review time (mins),Code Review Comments,PR Issue Comments,PR Review Comments,Total Comments,PR URL
Sboonny,PR 48385,0,5,2,1,8,https://github.com/freeCodeCamp/freeCodeCamp/pull/48385
Sboonny,PR 48378,0,0,0,0,0,https://github.com/freeCodeCamp/freeCodeCamp/pull/48378
Sboonny,PR 48258,0,0,0,0,0,https://github.com/freeCodeCamp/freeCodeCamp/pull/48258
Sboonny,PR 47946,0,1,0,0,1,https://github.com/freeCodeCamp/freeCodeCamp/pull/47946
Sboonny,PR 46535,0,0,0,0,0,https://github.com/freeCodeCamp/freeCodeCamp/pull/46535
Sboonny,PR 46479,0,1,0,0,1,https://github.com/freeCodeCamp/freeCodeCamp/pull/46479
