Reviewer,PR Number,Review time (mins),Code Review Comments,PR Issue Comments,PR Review Comments,Total Comments,PR URL
ShaunSHamilton,PR 48362,191,0,0,0,0,https://github.com/freeCodeCamp/freeCodeCamp/pull/48362
ShaunSHamilton,PR 47991,0,1,0,1,2,https://github.com/freeCodeCamp/freeCodeCamp/pull/47991
ShaunSHamilton,PR 47359,133,0,1,1,2,https://github.com/freeCodeCamp/freeCodeCamp/pull/47359
ShaunSHamilton,PR 46231,9,0,1,0,1,https://github.com/freeCodeCamp/freeCodeCamp/pull/46231
ShaunSHamilton,PR 46176,7,0,0,0,0,https://github.com/freeCodeCamp/freeCodeCamp/pull/46176
ShaunSHamilton,PR 46005,210,0,0,0,0,https://github.com/freeCodeCamp/freeCodeCamp/pull/46005
ShaunSHamilton,PR 45382,0,0,0,0,0,https://github.com/freeCodeCamp/freeCodeCamp/pull/45382
ShaunSHamilton,PR 45353,0,0,0,0,0,https://github.com/freeCodeCamp/freeCodeCamp/pull/45353
