Reviewed For different PR Authors,Total PRs Reviewed by ShaunSHamilton since 2026-02-01,Total Code Review Comments,Total PR Issue Comments,Total PR Review Comments,Total All Comments Made,PR# List
majestic-owl448,1,0,0,0,0,[69495]
Sembauke,9,9,1,9,19,"[65652, 65897, 66093, 66212, 66367, 66961, 68036, 68172, 69477]"
ojeytonwilliams,8,3,0,2,5,"[65968, 66214, 66259, 66771, 67234, 67680, 68408, 68992]"
Ksound22,3,0,0,0,0,"[68794, 68809, 68954]"
raisedadead,1,2,0,1,3,[68795]
ahmaxed,1,0,0,0,0,[68610]
moT01,1,1,1,1,3,[68177]
Tidjani1Bachir,1,1,0,1,2,[67230]
neerajgouda06,1,0,0,1,1,[67204]
Harshithk951,1,2,0,4,6,[66303]
Jeevankumar-s,1,0,1,0,1,[66139]
AdityaSingh-18,1,1,0,0,1,[65889]
