Reviewer,PR Number,Review time (mins),Code Review Comments,PR Issue Comments,PR Review Comments,Total Comments,PR URL
ShaunSHamilton,PR 47811,60,0,0,0,0,https://github.com/freeCodeCamp/freeCodeCamp/pull/47811
ShaunSHamilton,PR 47565,187,0,0,0,0,https://github.com/freeCodeCamp/freeCodeCamp/pull/47565
ShaunSHamilton,PR 46054,191,1,0,1,2,https://github.com/freeCodeCamp/freeCodeCamp/pull/46054
ShaunSHamilton,PR 45935,60,0,0,0,0,https://github.com/freeCodeCamp/freeCodeCamp/pull/45935
ShaunSHamilton,PR 45933,590,0,0,1,1,https://github.com/freeCodeCamp/freeCodeCamp/pull/45933
ShaunSHamilton,PR 45780,4,0,0,0,0,https://github.com/freeCodeCamp/freeCodeCamp/pull/45780
ShaunSHamilton,PR 45716,189,0,0,0,0,https://github.com/freeCodeCamp/freeCodeCamp/pull/45716
ShaunSHamilton,PR 45636,889,0,0,0,0,https://github.com/freeCodeCamp/freeCodeCamp/pull/45636
ShaunSHamilton,PR 45587,8664,0,0,0,0,https://github.com/freeCodeCamp/freeCodeCamp/pull/45587
ShaunSHamilton,PR 45440,81,0,0,0,0,https://github.com/freeCodeCamp/freeCodeCamp/pull/45440
ShaunSHamilton,PR 45318,388,0,0,0,0,https://github.com/freeCodeCamp/freeCodeCamp/pull/45318
ShaunSHamilton,PR 45167,0,1,0,1,2,https://github.com/freeCodeCamp/freeCodeCamp/pull/45167
ShaunSHamilton,PR 45146,3845,0,1,1,2,https://github.com/freeCodeCamp/freeCodeCamp/pull/45146
ShaunSHamilton,PR 45133,52,2,0,1,3,https://github.com/freeCodeCamp/freeCodeCamp/pull/45133
ShaunSHamilton,PR 45078,300,1,0,1,2,https://github.com/freeCodeCamp/freeCodeCamp/pull/45078
ShaunSHamilton,PR 44771,5730,2,0,0,2,https://github.com/freeCodeCamp/freeCodeCamp/pull/44771
ShaunSHamilton,PR 44741,38,0,0,0,0,https://github.com/freeCodeCamp/freeCodeCamp/pull/44741
ShaunSHamilton,PR 44674,190,0,0,0,0,https://github.com/freeCodeCamp/freeCodeCamp/pull/44674
