Reviewer,PR Number,Review time (mins),Code Review Comments,PR Issue Comments,PR Review Comments,Total Comments,PR URL
raisedadead,PR 48046,60,0,0,0,0,https://github.com/freeCodeCamp/freeCodeCamp/pull/48046
raisedadead,PR 48045,25,0,0,0,0,https://github.com/freeCodeCamp/freeCodeCamp/pull/48045
raisedadead,PR 47955,0,0,0,0,0,https://github.com/freeCodeCamp/freeCodeCamp/pull/47955
raisedadead,PR 47940,0,0,0,0,0,https://github.com/freeCodeCamp/freeCodeCamp/pull/47940
raisedadead,PR 47885,0,0,1,1,2,https://github.com/freeCodeCamp/freeCodeCamp/pull/47885
raisedadead,PR 47807,180,0,0,0,0,https://github.com/freeCodeCamp/freeCodeCamp/pull/47807
raisedadead,PR 47595,180,0,0,0,0,https://github.com/freeCodeCamp/freeCodeCamp/pull/47595
raisedadead,PR 47585,1,0,0,0,0,https://github.com/freeCodeCamp/freeCodeCamp/pull/47585
raisedadead,PR 47508,0,0,0,0,0,https://github.com/freeCodeCamp/freeCodeCamp/pull/47508
raisedadead,PR 47390,60,0,0,0,0,https://github.com/freeCodeCamp/freeCodeCamp/pull/47390
raisedadead,PR 47385,689,0,0,0,0,https://github.com/freeCodeCamp/freeCodeCamp/pull/47385
raisedadead,PR 47362,344,0,0,0,0,https://github.com/freeCodeCamp/freeCodeCamp/pull/47362
raisedadead,PR 47322,36,0,2,0,2,https://github.com/freeCodeCamp/freeCodeCamp/pull/47322
raisedadead,PR 46968,373,0,0,0,0,https://github.com/freeCodeCamp/freeCodeCamp/pull/46968
raisedadead,PR 46890,0,0,0,0,0,https://github.com/freeCodeCamp/freeCodeCamp/pull/46890
raisedadead,PR 46514,76,0,1,0,1,https://github.com/freeCodeCamp/freeCodeCamp/pull/46514
raisedadead,PR 46183,0,0,0,0,0,https://github.com/freeCodeCamp/freeCodeCamp/pull/46183
raisedadead,PR 46167,0,0,0,0,0,https://github.com/freeCodeCamp/freeCodeCamp/pull/46167
raisedadead,PR 45954,0,0,0,0,0,https://github.com/freeCodeCamp/freeCodeCamp/pull/45954
raisedadead,PR 45780,11,0,0,0,0,https://github.com/freeCodeCamp/freeCodeCamp/pull/45780
raisedadead,PR 45688,2630,0,0,0,0,https://github.com/freeCodeCamp/freeCodeCamp/pull/45688
raisedadead,PR 45636,957,0,1,0,1,https://github.com/freeCodeCamp/freeCodeCamp/pull/45636
raisedadead,PR 45526,1760,0,0,0,0,https://github.com/freeCodeCamp/freeCodeCamp/pull/45526
raisedadead,PR 45525,180,0,0,0,0,https://github.com/freeCodeCamp/freeCodeCamp/pull/45525
raisedadead,PR 45442,1464,0,0,0,0,https://github.com/freeCodeCamp/freeCodeCamp/pull/45442
raisedadead,PR 45336,240,0,0,0,0,https://github.com/freeCodeCamp/freeCodeCamp/pull/45336
raisedadead,PR 45318,420,0,0,0,0,https://github.com/freeCodeCamp/freeCodeCamp/pull/45318
raisedadead,PR 45258,180,0,0,0,0,https://github.com/freeCodeCamp/freeCodeCamp/pull/45258
raisedadead,PR 45257,105,0,0,0,0,https://github.com/freeCodeCamp/freeCodeCamp/pull/45257
raisedadead,PR 45167,1845,0,0,0,0,https://github.com/freeCodeCamp/freeCodeCamp/pull/45167
raisedadead,PR 45133,3372,0,0,0,0,https://github.com/freeCodeCamp/freeCodeCamp/pull/45133
raisedadead,PR 45130,852,0,0,0,0,https://github.com/freeCodeCamp/freeCodeCamp/pull/45130
raisedadead,PR 44826,540,0,0,0,0,https://github.com/freeCodeCamp/freeCodeCamp/pull/44826
raisedadead,PR 44699,907,0,2,0,2,https://github.com/freeCodeCamp/freeCodeCamp/pull/44699
raisedadead,PR 44695,0,0,0,0,0,https://github.com/freeCodeCamp/freeCodeCamp/pull/44695
raisedadead,PR 44692,708,0,0,0,0,https://github.com/freeCodeCamp/freeCodeCamp/pull/44692
raisedadead,PR 44674,265,0,0,0,0,https://github.com/freeCodeCamp/freeCodeCamp/pull/44674
