Reviewer,PR Number,Review time (mins),Code Review Comments,PR Issue Comments,PR Review Comments,Total Comments,PR URL
gikf,PR 45954,0,0,0,0,0,https://github.com/freeCodeCamp/freeCodeCamp/pull/45954
gikf,PR 45858,311,0,0,0,0,https://github.com/freeCodeCamp/freeCodeCamp/pull/45858
gikf,PR 45526,180,0,0,0,0,https://github.com/freeCodeCamp/freeCodeCamp/pull/45526
gikf,PR 45433,120,0,0,0,0,https://github.com/freeCodeCamp/freeCodeCamp/pull/45433
gikf,PR 44770,595,0,0,0,0,https://github.com/freeCodeCamp/freeCodeCamp/pull/44770
