PR#,Review Time,Review Time (mins),Code Review Comments,PR Issue Comments,PR Review Comments,Total Comments,PR Ready On,PR Merged On,Ready->Merge,PR Author,PR URL
48386,0s,0,0,0,0,0,2022-11-04T00:13:01Z,2022-11-04T05:13:46Z,5h 0m 45s,ShaunSHamilton,https://github.com/freeCodeCamp/freeCodeCamp/pull/48386
48385,0s,0,2,0,1,3,2022-11-03T21:52:57Z,2022-11-04T09:31:07Z,11h 38m 10s,raisedadead,https://github.com/freeCodeCamp/freeCodeCamp/pull/48385
48384,42m 34s,42,2,0,2,4,2022-11-03T18:50:12Z,2022-11-04T05:17:58Z,10h 27m 46s,ppeters0502,https://github.com/freeCodeCamp/freeCodeCamp/pull/48384
48378,0s,0,0,0,0,0,2022-11-03T12:34:48Z,2022-11-04T07:40:04Z,19h 5m 16s,raisedadead,https://github.com/freeCodeCamp/freeCodeCamp/pull/48378
48373,51s,0,0,0,0,0,2022-11-02T17:23:19Z,2022-11-03T08:08:59Z,14h 45m 40s,raisedadead,https://github.com/freeCodeCamp/freeCodeCamp/pull/48373
48372,4h 7m 30s,247,0,0,0,0,2022-11-02T13:07:35Z,2022-11-02T17:24:25Z,4h 16m 50s,camperbot,https://github.com/freeCodeCamp/freeCodeCamp/pull/48372
48370,4h 25m 39s,265,0,0,0,0,2022-11-02T13:52:39Z,2022-11-03T08:10:06Z,18h 17m 27s,raisedadead,https://github.com/freeCodeCamp/freeCodeCamp/pull/48370
48366,10h 20m,620,2,0,0,2,2022-11-01T16:28:32Z,2022-11-03T08:09:31Z,1d 15h 40m 59s,jeremylt,https://github.com/freeCodeCamp/freeCodeCamp/pull/48366
48364,18m 40s,18,0,0,0,0,2022-11-01T13:16:13Z,2022-11-01T14:06:23Z,50m 10s,camperbot,https://github.com/freeCodeCamp/freeCodeCamp/pull/48364
48363,1m,1,0,0,0,0,2022-11-01T12:11:42Z,2022-11-01T14:07:09Z,1h 55m 27s,camperbot,https://github.com/freeCodeCamp/freeCodeCamp/pull/48363
48320,8h,480,0,0,0,0,2022-10-29T11:29:11Z,2022-10-31T23:11:51Z,2d 11h 42m 40s,Sboonny,https://github.com/freeCodeCamp/freeCodeCamp/pull/48320
48289,0s,0,1,0,1,2,2022-10-28T12:22:06Z,2022-10-29T06:29:37Z,18h 7m 31s,miyaliu666,https://github.com/freeCodeCamp/freeCodeCamp/pull/48289
48282,9h 1m,541,0,1,0,1,2022-10-27T20:38:11Z,2022-10-29T15:04:21Z,1d 18h 26m 10s,WizardLemon,https://github.com/freeCodeCamp/freeCodeCamp/pull/48282
48280,5h 31m,331,2,0,2,4,2022-10-27T17:46:14Z,2022-10-29T17:25:57Z,1d 23h 39m 43s,sidemt,https://github.com/freeCodeCamp/freeCodeCamp/pull/48280
48279,2h 11m 45s,131,0,0,0,0,2022-10-27T16:32:36Z,2022-10-27T19:49:22Z,3h 16m 46s,raisedadead,https://github.com/freeCodeCamp/freeCodeCamp/pull/48279
48266,1d 4h 42m,1722,0,2,0,2,2022-10-26T17:21:55Z,2022-11-01T19:41:32Z,6d 2h 19m 37s,nayabatir1,https://github.com/freeCodeCamp/freeCodeCamp/pull/48266
48263,6h 30m 2s,390,0,0,0,0,2022-10-26T13:21:14Z,2022-10-26T19:51:22Z,6h 30m 8s,camperbot,https://github.com/freeCodeCamp/freeCodeCamp/pull/48263
48262,7h 36m,456,0,0,0,0,2022-10-26T12:25:02Z,2022-10-26T20:36:50Z,8h 11m 48s,camperbot,https://github.com/freeCodeCamp/freeCodeCamp/pull/48262
48258,4h 7m,247,0,0,0,0,2022-10-26T10:43:48Z,2022-10-26T17:08:28Z,6h 24m 40s,raisedadead,https://github.com/freeCodeCamp/freeCodeCamp/pull/48258
48255,1d 1h 22m,1522,0,0,0,0,2022-10-25T21:36:32Z,2022-10-29T15:07:37Z,3d 17h 31m 5s,JustARatherRidiculouslyLongUsername,https://github.com/freeCodeCamp/freeCodeCamp/pull/48255
48241,1d 12h 54m,2214,2,1,1,4,2022-10-24T18:32:50Z,2022-10-29T05:45:19Z,4d 11h 12m 29s,Prince-Mendiratta,https://github.com/freeCodeCamp/freeCodeCamp/pull/48241
48239,4h,240,0,0,0,0,2022-10-24T17:07:24Z,2022-10-26T09:22:30Z,1d 16h 15m 6s,disabledandfab,https://github.com/freeCodeCamp/freeCodeCamp/pull/48239
48237,46m 13s,46,1,0,0,1,2022-10-26T17:19:29Z,2022-10-26T18:05:47Z,46m 18s,hbar1st,https://github.com/freeCodeCamp/freeCodeCamp/pull/48237
48235,4h 32m 57s,272,0,0,0,0,2022-10-24T13:22:46Z,2022-10-24T17:55:51Z,4h 33m 5s,camperbot,https://github.com/freeCodeCamp/freeCodeCamp/pull/48235
48208,7h 51m,471,6,1,2,9,2022-10-22T17:23:21Z,2022-10-31T22:37:26Z,9d 5h 14m 5s,RohitPatel1122,https://github.com/freeCodeCamp/freeCodeCamp/pull/48208
48180,2h 28m 15s,148,0,0,0,0,2022-10-21T18:41:34Z,2022-10-22T07:21:33Z,12h 39m 59s,sidemt,https://github.com/freeCodeCamp/freeCodeCamp/pull/48180
48179,3h,180,1,0,1,2,2022-10-21T17:57:51Z,2022-10-22T17:30:10Z,23h 32m 19s,footedroom575,https://github.com/freeCodeCamp/freeCodeCamp/pull/48179
48177,31m 30s,31,0,0,0,0,2022-10-21T17:13:25Z,2022-10-21T18:06:08Z,52m 43s,Sboonny,https://github.com/freeCodeCamp/freeCodeCamp/pull/48177
48176,48m 26s,48,0,0,0,0,2022-10-21T16:46:36Z,2022-10-23T14:03:43Z,1d 21h 17m 7s,jeremylt,https://github.com/freeCodeCamp/freeCodeCamp/pull/48176
48175,0s,0,3,0,2,5,2022-10-21T15:51:17Z,2022-10-25T06:27:03Z,3d 14h 35m 46s,JustARatherRidiculouslyLongUsername,https://github.com/freeCodeCamp/freeCodeCamp/pull/48175
48171,3h 57m,237,0,0,0,0,2022-10-21T13:13:18Z,2022-10-21T18:04:50Z,4h 51m 32s,camperbot,https://github.com/freeCodeCamp/freeCodeCamp/pull/48171
48169,4h 15m,255,0,0,0,0,2022-10-21T12:20:34Z,2022-10-21T17:17:04Z,4h 56m 30s,Prince-Mendiratta,https://github.com/freeCodeCamp/freeCodeCamp/pull/48169
48168,4h 11m,251,0,0,0,0,2022-10-21T12:11:42Z,2022-10-21T18:03:54Z,5h 52m 12s,camperbot,https://github.com/freeCodeCamp/freeCodeCamp/pull/48168
48163,2d 4h 10m,3130,1,0,1,2,2022-10-20T19:26:07Z,2022-10-31T20:32:12Z,11d 1h 6m 5s,nayabatir1,https://github.com/freeCodeCamp/freeCodeCamp/pull/48163
48161,2d 4h 38m,3158,0,0,0,0,2022-10-20T18:10:44Z,2022-10-29T15:05:18Z,8d 20h 54m 34s,denquinlan,https://github.com/freeCodeCamp/freeCodeCamp/pull/48161
48152,2h 52m 10s,172,0,0,0,0,2022-10-20T13:20:36Z,2022-10-20T16:13:18Z,2h 52m 42s,camperbot,https://github.com/freeCodeCamp/freeCodeCamp/pull/48152
48151,3h 8m,188,0,0,0,0,2022-10-20T12:31:33Z,2022-10-20T16:08:22Z,3h 36m 49s,camperbot,https://github.com/freeCodeCamp/freeCodeCamp/pull/48151
48150,3h 16m,196,0,0,0,0,2022-10-20T12:12:03Z,2022-10-20T16:16:52Z,4h 4m 49s,camperbot,https://github.com/freeCodeCamp/freeCodeCamp/pull/48150
48143,43m 43s,43,0,1,0,1,2022-10-19T17:18:39Z,2022-10-21T17:23:04Z,2d 0h 4m 25s,ShaunSHamilton,https://github.com/freeCodeCamp/freeCodeCamp/pull/48143
48130,6h 16m,376,0,1,1,2,2022-10-19T07:00:20Z,2022-10-19T21:49:39Z,14h 49m 19s,Sboonny,https://github.com/freeCodeCamp/freeCodeCamp/pull/48130
48128,8h 31m,511,0,0,1,1,2022-10-19T06:30:31Z,2022-10-21T10:30:22Z,2d 3h 59m 51s,Sboonny,https://github.com/freeCodeCamp/freeCodeCamp/pull/48128
48127,6h 16m,376,6,0,2,8,2022-10-19T06:04:29Z,2022-10-19T21:51:18Z,15h 46m 49s,Sboonny,https://github.com/freeCodeCamp/freeCodeCamp/pull/48127
48122,0s,0,0,0,0,0,2022-10-18T21:25:35Z,2022-10-19T04:33:17Z,7h 7m 42s,myankpraksh,https://github.com/freeCodeCamp/freeCodeCamp/pull/48122
48112,7h,420,0,0,0,0,2022-10-18T13:07:50Z,2022-10-19T08:13:54Z,19h 6m 4s,ojeytonwilliams,https://github.com/freeCodeCamp/freeCodeCamp/pull/48112
48100,2h 31m 2s,151,0,1,0,1,2022-10-17T13:13:10Z,2022-10-17T15:44:36Z,2h 31m 26s,WizardLemon,https://github.com/freeCodeCamp/freeCodeCamp/pull/48100
48030,2h 53m 52s,173,0,1,0,1,2022-10-13T18:18:01Z,2022-10-19T09:05:30Z,5d 14h 47m 29s,saiharvin,https://github.com/freeCodeCamp/freeCodeCamp/pull/48030
48025,7h 51m,471,7,1,1,9,2022-10-14T07:50:30Z,2022-10-18T20:59:04Z,4d 13h 8m 34s,scissorsneedfoodtoo,https://github.com/freeCodeCamp/freeCodeCamp/pull/48025
48023,5h 32m 10s,332,1,0,1,2,2022-10-13T13:30:30Z,2022-10-14T07:14:33Z,17h 44m 3s,raisedadead,https://github.com/freeCodeCamp/freeCodeCamp/pull/48023
48010,20h 37m,1237,0,0,0,0,2022-10-12T17:37:35Z,2022-10-17T17:32:40Z,4d 23h 55m 5s,nayabatir1,https://github.com/freeCodeCamp/freeCodeCamp/pull/48010
47998,2h 56m,176,2,0,0,2,2022-10-12T10:51:05Z,2022-10-12T16:08:08Z,5h 17m 3s,ojeytonwilliams,https://github.com/freeCodeCamp/freeCodeCamp/pull/47998
47963,6h 28m 29s,388,0,0,0,0,2022-10-10T13:06:05Z,2022-10-10T19:35:20Z,6h 29m 15s,camperbot,https://github.com/freeCodeCamp/freeCodeCamp/pull/47963
47910,26m 1s,26,0,0,0,0,2022-10-07T17:35:48Z,2022-10-08T09:02:10Z,15h 26m 22s,ShaunSHamilton,https://github.com/freeCodeCamp/freeCodeCamp/pull/47910
47909,36m,36,0,0,0,0,2022-10-07T17:28:11Z,2022-10-07T18:15:49Z,47m 38s,rffontenelle,https://github.com/freeCodeCamp/freeCodeCamp/pull/47909
47886,0s,0,0,0,0,0,2022-10-07T12:41:17Z,2022-10-11T13:10:26Z,4d 0h 29m 9s,Nirajn2311,https://github.com/freeCodeCamp/freeCodeCamp/pull/47886
47851,1h 2m 46s,62,0,0,0,0,2022-10-05T13:05:08Z,2022-10-05T14:07:55Z,1h 2m 47s,camperbot,https://github.com/freeCodeCamp/freeCodeCamp/pull/47851
47834,1h 6m,66,5,0,2,7,2022-10-04T17:31:13Z,2022-10-05T14:08:50Z,20h 37m 37s,raisedadead,https://github.com/freeCodeCamp/freeCodeCamp/pull/47834
47832,59m 25s,59,0,0,0,0,2022-10-04T16:18:04Z,2022-10-04T17:17:30Z,59m 26s,ojeytonwilliams,https://github.com/freeCodeCamp/freeCodeCamp/pull/47832
47813,1m 20s,1,0,0,0,0,2022-10-04T03:45:57Z,2022-10-11T18:42:08Z,7d 14h 56m 11s,DerrykBoyd,https://github.com/freeCodeCamp/freeCodeCamp/pull/47813
47801,6h 23m 15s,383,0,1,0,1,2022-10-03T14:36:46Z,2022-10-03T21:00:03Z,6h 23m 17s,k-rajat19,https://github.com/freeCodeCamp/freeCodeCamp/pull/47801
47797,25m 14s,25,0,0,0,0,2022-10-03T13:14:29Z,2022-10-03T13:44:04Z,29m 35s,camperbot,https://github.com/freeCodeCamp/freeCodeCamp/pull/47797
47794,37m,37,0,0,0,0,2022-10-03T12:12:28Z,2022-10-03T13:37:53Z,1h 25m 25s,camperbot,https://github.com/freeCodeCamp/freeCodeCamp/pull/47794
47787,8h,480,0,1,0,1,2022-10-03T05:00:39Z,2022-10-04T01:44:40Z,20h 44m 1s,DerrykBoyd,https://github.com/freeCodeCamp/freeCodeCamp/pull/47787
47785,8h 43m,523,0,0,0,0,2022-10-02T21:41:23Z,2022-10-03T22:01:31Z,1d 0h 20m 8s,krupalitrivedi,https://github.com/freeCodeCamp/freeCodeCamp/pull/47785
47780,1d 0h 12m,1452,1,0,1,2,2022-10-02T15:10:36Z,2022-10-06T06:52:38Z,3d 15h 42m 2s,aryandeelwal,https://github.com/freeCodeCamp/freeCodeCamp/pull/47780
47718,0s,0,2,0,2,4,2022-10-01T06:13:47Z,2022-10-01T20:27:54Z,14h 14m 7s,tanmaythakral,https://github.com/freeCodeCamp/freeCodeCamp/pull/47718
47705,0s,0,0,0,0,0,2022-10-01T03:05:45Z,2022-10-01T08:55:32Z,5h 49m 47s,prajwal-144,https://github.com/freeCodeCamp/freeCodeCamp/pull/47705
47700,8h,480,0,1,0,1,2022-10-01T01:53:59Z,2022-10-04T01:52:41Z,2d 23h 58m 42s,fzs1994,https://github.com/freeCodeCamp/freeCodeCamp/pull/47700
47694,0s,0,0,0,1,1,2022-09-30T23:23:32Z,2022-10-01T09:17:11Z,9h 53m 39s,adripo,https://github.com/freeCodeCamp/freeCodeCamp/pull/47694
47692,0s,0,0,0,0,0,2022-09-30T22:59:35Z,2022-10-01T09:16:18Z,10h 16m 43s,panoreak,https://github.com/freeCodeCamp/freeCodeCamp/pull/47692
47678,5h 45m 11s,345,0,0,0,0,2022-09-30T13:03:06Z,2022-09-30T18:48:19Z,5h 45m 13s,camperbot,https://github.com/freeCodeCamp/freeCodeCamp/pull/47678
47676,5h 48m,348,0,0,0,0,2022-09-30T12:11:51Z,2022-09-30T18:49:10Z,6h 37m 19s,camperbot,https://github.com/freeCodeCamp/freeCodeCamp/pull/47676
47671,4m 8s,4,0,0,0,0,2022-09-29T19:25:58Z,2022-09-29T20:01:31Z,35m 33s,LucasVance,https://github.com/freeCodeCamp/freeCodeCamp/pull/47671
47667,1h 21m 48s,81,1,1,1,3,2022-09-29T18:25:28Z,2022-09-30T08:15:10Z,13h 49m 42s,ppeters0502,https://github.com/freeCodeCamp/freeCodeCamp/pull/47667
47665,21m 15s,21,0,0,0,0,2022-09-29T18:10:03Z,2022-09-29T18:53:11Z,43m 8s,limap99,https://github.com/freeCodeCamp/freeCodeCamp/pull/47665
47664,1h 27m 11s,87,0,0,0,0,2022-09-29T17:12:42Z,2022-09-29T18:57:21Z,1h 44m 39s,utkershrajvenshi,https://github.com/freeCodeCamp/freeCodeCamp/pull/47664
47662,3h 32m 36s,212,0,0,0,0,2022-09-29T15:45:03Z,2022-09-30T04:12:04Z,12h 27m 1s,ieahleen,https://github.com/freeCodeCamp/freeCodeCamp/pull/47662
47657,4h 22m 58s,262,0,0,0,0,2022-09-29T13:01:44Z,2022-09-29T17:24:44Z,4h 23m,camperbot,https://github.com/freeCodeCamp/freeCodeCamp/pull/47657
47656,5h 42m,342,0,1,0,1,2022-09-29T10:22:48Z,2022-09-29T18:42:35Z,8h 19m 47s,ShaunSHamilton,https://github.com/freeCodeCamp/freeCodeCamp/pull/47656
47651,11h 48m,708,0,0,0,0,2022-09-28T15:54:01Z,2022-09-29T18:48:38Z,1d 2h 54m 37s,jeremylt,https://github.com/freeCodeCamp/freeCodeCamp/pull/47651
47600,7h 13m 27s,433,0,0,0,0,2022-09-23T13:00:49Z,2022-09-26T06:23:17Z,2d 17h 22m 28s,camperbot,https://github.com/freeCodeCamp/freeCodeCamp/pull/47600
47599,7h 8m,428,0,0,0,0,2022-09-23T12:11:21Z,2022-09-23T20:08:51Z,7h 57m 30s,camperbot,https://github.com/freeCodeCamp/freeCodeCamp/pull/47599
47594,7h 27m,447,1,0,1,2,2022-09-22T16:10:46Z,2022-09-23T20:28:08Z,1d 4h 17m 22s,sidemt,https://github.com/freeCodeCamp/freeCodeCamp/pull/47594
47587,16h 58m,1018,0,0,0,0,2022-09-22T00:05:15Z,2022-09-26T04:59:46Z,4d 4h 54m 31s,rakicodes,https://github.com/freeCodeCamp/freeCodeCamp/pull/47587
47586,3d 2h 40m,4480,0,0,0,0,2022-10-04T15:40:41Z,2022-10-14T23:57:34Z,10d 8h 16m 53s,Nirajn2311,https://github.com/freeCodeCamp/freeCodeCamp/pull/47586
47581,3h 21m,201,0,1,0,1,2022-09-21T12:24:51Z,2022-09-21T16:21:39Z,3h 56m 48s,camperbot,https://github.com/freeCodeCamp/freeCodeCamp/pull/47581
47578,5h 51m,351,0,0,0,0,2022-09-21T10:59:56Z,2022-09-21T18:51:28Z,7h 51m 32s,ShaunSHamilton,https://github.com/freeCodeCamp/freeCodeCamp/pull/47578
47566,1h,60,1,0,0,1,2022-09-19T20:46:57Z,2022-09-20T14:45:23Z,17h 58m 26s,ShaunSHamilton,https://github.com/freeCodeCamp/freeCodeCamp/pull/47566
47560,12m 27s,12,0,0,0,0,2022-09-19T15:57:02Z,2022-09-21T13:37:49Z,1d 21h 40m 47s,raisedadead,https://github.com/freeCodeCamp/freeCodeCamp/pull/47560
47553,0s,0,1,1,1,3,2022-09-18T03:39:09Z,2022-09-18T17:11:13Z,13h 32m 4s,tusharxoxoxo,https://github.com/freeCodeCamp/freeCodeCamp/pull/47553
47550,11h 54m,714,3,0,1,4,2022-09-17T22:28:41Z,2022-09-22T22:08:33Z,4d 23h 39m 52s,hbar1st,https://github.com/freeCodeCamp/freeCodeCamp/pull/47550
47527,2h,120,0,0,0,0,2022-09-15T19:27:19Z,2022-09-16T01:11:29Z,5h 44m 10s,marksist300,https://github.com/freeCodeCamp/freeCodeCamp/pull/47527
47524,4h 13m 4s,253,0,0,0,0,2022-09-15T13:48:58Z,2022-09-15T18:23:00Z,4h 34m 2s,ojeytonwilliams,https://github.com/freeCodeCamp/freeCodeCamp/pull/47524
47522,5h 29m 49s,329,0,0,0,0,2022-09-15T13:01:03Z,2022-09-15T18:30:54Z,5h 29m 51s,camperbot,https://github.com/freeCodeCamp/freeCodeCamp/pull/47522
47521,5h 32m,332,0,0,0,0,2022-09-15T12:25:02Z,2022-09-15T18:32:48Z,6h 7m 46s,camperbot,https://github.com/freeCodeCamp/freeCodeCamp/pull/47521
47520,5h 33m,333,0,0,0,0,2022-09-15T12:11:56Z,2022-09-15T18:33:39Z,6h 21m 43s,camperbot,https://github.com/freeCodeCamp/freeCodeCamp/pull/47520
47510,3h 7m,187,0,0,0,0,2022-09-13T05:49:46Z,2022-09-14T16:30:37Z,1d 10h 40m 51s,camperbot,https://github.com/freeCodeCamp/freeCodeCamp/pull/47510
47506,1h,60,0,1,0,1,2022-09-12T20:44:50Z,2022-09-12T22:46:21Z,2h 1m 31s,maciek367,https://github.com/freeCodeCamp/freeCodeCamp/pull/47506
47504,4h 20m 50s,260,0,0,0,0,2022-09-12T16:22:05Z,2022-09-12T20:42:56Z,4h 20m 51s,ojeytonwilliams,https://github.com/freeCodeCamp/freeCodeCamp/pull/47504
47503,0s,0,1,1,1,3,2022-09-12T12:53:00Z,2022-09-15T20:54:14Z,3d 8h 1m 14s,mmatsumoto1026,https://github.com/freeCodeCamp/freeCodeCamp/pull/47503
47502,8h,480,0,0,0,0,2022-09-12T10:56:04Z,2022-09-12T22:34:47Z,11h 38m 43s,yashkoli836,https://github.com/freeCodeCamp/freeCodeCamp/pull/47502
47481,2h 6m 55s,126,0,0,0,0,2022-09-09T19:47:45Z,2022-09-10T05:36:09Z,9h 48m 24s,rutterjt,https://github.com/freeCodeCamp/freeCodeCamp/pull/47481
47477,4h 5m 23s,245,0,0,0,0,2022-09-09T13:03:28Z,2022-09-12T10:20:49Z,2d 21h 17m 21s,camperbot,https://github.com/freeCodeCamp/freeCodeCamp/pull/47477
47470,3h 45m 37s,225,0,1,0,1,2022-09-08T14:25:16Z,2022-09-08T18:11:02Z,3h 45m 46s,DylanDevelops,https://github.com/freeCodeCamp/freeCodeCamp/pull/47470
47469,5h 12m,312,0,0,0,0,2022-09-08T12:57:46Z,2022-09-08T18:12:16Z,5h 14m 30s,camperbot,https://github.com/freeCodeCamp/freeCodeCamp/pull/47469
47460,6h 35m,395,0,0,0,0,2022-09-07T12:58:41Z,2022-09-07T19:35:53Z,6h 37m 12s,camperbot,https://github.com/freeCodeCamp/freeCodeCamp/pull/47460
47429,2h 34m,154,0,0,0,0,2022-09-01T12:24:26Z,2022-09-01T18:35:07Z,6h 10m 41s,camperbot,https://github.com/freeCodeCamp/freeCodeCamp/pull/47429
47428,2h 33m,153,0,0,0,0,2022-09-01T12:09:40Z,2022-09-01T18:35:36Z,6h 25m 56s,camperbot,https://github.com/freeCodeCamp/freeCodeCamp/pull/47428
47421,10h 35m,635,0,1,0,1,2022-08-31T13:00:47Z,2022-09-01T18:32:36Z,1d 5h 31m 49s,camperbot,https://github.com/freeCodeCamp/freeCodeCamp/pull/47421
47420,2h 58m,178,0,0,0,0,2022-08-31T12:24:20Z,2022-08-31T15:58:56Z,3h 34m 36s,camperbot,https://github.com/freeCodeCamp/freeCodeCamp/pull/47420
47419,3h,180,0,0,0,0,2022-08-31T12:10:53Z,2022-08-31T16:00:35Z,3h 49m 42s,camperbot,https://github.com/freeCodeCamp/freeCodeCamp/pull/47419
47415,3h 31m,211,0,0,0,0,2022-08-30T12:56:39Z,2022-08-30T16:39:55Z,3h 43m 16s,camperbot,https://github.com/freeCodeCamp/freeCodeCamp/pull/47415
47410,1h 33m 30s,93,0,0,0,0,2022-08-29T13:02:55Z,2022-08-29T14:36:37Z,1h 33m 42s,camperbot,https://github.com/freeCodeCamp/freeCodeCamp/pull/47410
47409,1h 35m,95,0,0,0,0,2022-08-29T12:24:26Z,2022-08-29T14:35:54Z,2h 11m 28s,camperbot,https://github.com/freeCodeCamp/freeCodeCamp/pull/47409
47391,0s,0,0,0,0,0,2022-08-27T00:29:28Z,2022-08-27T01:35:39Z,1h 6m 11s,renovate[bot],https://github.com/freeCodeCamp/freeCodeCamp/pull/47391
47389,3h 55m 50s,235,1,0,1,2,2022-08-26T18:01:46Z,2022-08-30T12:56:06Z,3d 18h 54m 20s,lasjorg,https://github.com/freeCodeCamp/freeCodeCamp/pull/47389
47387,6h 52m,412,0,0,0,0,2022-08-26T12:24:43Z,2022-08-26T21:10:52Z,8h 46m 9s,camperbot,https://github.com/freeCodeCamp/freeCodeCamp/pull/47387
47386,6h 53m,413,0,0,0,0,2022-08-26T12:18:23Z,2022-08-27T06:43:15Z,18h 24m 52s,camperbot,https://github.com/freeCodeCamp/freeCodeCamp/pull/47386
47380,18h 57m,1137,2,0,1,3,2022-08-25T12:22:18Z,2022-09-04T11:31:43Z,9d 23h 9m 25s,acdavit,https://github.com/freeCodeCamp/freeCodeCamp/pull/47380
47374,2h 29m,149,0,0,0,0,2022-08-24T12:59:48Z,2022-08-24T15:29:22Z,2h 29m 34s,camperbot,https://github.com/freeCodeCamp/freeCodeCamp/pull/47374
47372,2h 28m,148,0,0,0,0,2022-08-24T12:24:19Z,2022-08-24T15:28:43Z,3h 4m 24s,camperbot,https://github.com/freeCodeCamp/freeCodeCamp/pull/47372
47370,0s,0,1,2,1,4,2022-08-23T21:54:27Z,2022-08-24T09:38:02Z,11h 43m 35s,Xavier-Pierre-dev,https://github.com/freeCodeCamp/freeCodeCamp/pull/47370
47367,5h 23m,323,0,0,0,0,2022-08-23T12:58:57Z,2022-08-23T18:23:56Z,5h 24m 59s,camperbot,https://github.com/freeCodeCamp/freeCodeCamp/pull/47367
47366,5h 21m,321,0,0,0,0,2022-08-23T12:09:50Z,2022-08-23T18:21:35Z,6h 11m 45s,camperbot,https://github.com/freeCodeCamp/freeCodeCamp/pull/47366
47365,11h 30m,690,4,0,2,6,2022-08-23T11:30:21Z,2022-08-30T16:30:02Z,7d 4h 59m 41s,Sembauke,https://github.com/freeCodeCamp/freeCodeCamp/pull/47365
47357,4m 20s,4,0,0,0,0,2022-08-22T14:48:43Z,2022-08-22T19:22:17Z,4h 33m 34s,ieahleen,https://github.com/freeCodeCamp/freeCodeCamp/pull/47357
47354,1h 36m,96,0,0,0,0,2022-08-22T12:24:37Z,2022-08-22T14:36:22Z,2h 11m 45s,camperbot,https://github.com/freeCodeCamp/freeCodeCamp/pull/47354
47349,17d 4h 5m,24725,0,2,0,2,2022-08-22T01:05:57Z,2022-11-01T06:21:48Z,71d 5h 15m 51s,Xavier-Pierre-dev,https://github.com/freeCodeCamp/freeCodeCamp/pull/47349
47319,5h 14m 1s,314,0,0,0,0,2022-08-18T13:01:04Z,2022-08-18T18:15:11Z,5h 14m 7s,camperbot,https://github.com/freeCodeCamp/freeCodeCamp/pull/47319
47318,5h 14m,314,0,0,0,0,2022-08-18T12:10:06Z,2022-08-18T18:46:04Z,6h 35m 58s,camperbot,https://github.com/freeCodeCamp/freeCodeCamp/pull/47318
47308,5h 9m,309,0,0,0,0,2022-08-17T12:24:56Z,2022-08-19T07:12:23Z,1d 18h 47m 27s,camperbot,https://github.com/freeCodeCamp/freeCodeCamp/pull/47308
47303,2h 0m 39s,120,0,0,0,0,2022-08-16T15:22:29Z,2022-08-19T11:34:07Z,2d 20h 11m 38s,moT01,https://github.com/freeCodeCamp/freeCodeCamp/pull/47303
47301,4h 35m 14s,275,0,0,0,0,2022-08-16T13:00:28Z,2022-08-17T14:55:27Z,1d 1h 54m 59s,camperbot,https://github.com/freeCodeCamp/freeCodeCamp/pull/47301
47300,4h 28m,268,0,0,0,0,2022-08-16T12:24:19Z,2022-08-16T17:29:01Z,5h 4m 42s,camperbot,https://github.com/freeCodeCamp/freeCodeCamp/pull/47300
47297,42m 41s,42,0,0,0,0,2022-08-15T13:01:26Z,2022-08-16T07:09:24Z,18h 7m 58s,camperbot,https://github.com/freeCodeCamp/freeCodeCamp/pull/47297
47296,44m,44,0,0,0,0,2022-08-15T12:25:09Z,2022-08-16T07:09:06Z,18h 43m 57s,camperbot,https://github.com/freeCodeCamp/freeCodeCamp/pull/47296
47295,45m,45,0,0,0,0,2022-08-15T12:09:51Z,2022-08-16T07:08:14Z,18h 58m 23s,camperbot,https://github.com/freeCodeCamp/freeCodeCamp/pull/47295
47270,5h 41m,341,0,0,0,0,2022-08-12T12:59:39Z,2022-08-12T18:41:44Z,5h 42m 5s,camperbot,https://github.com/freeCodeCamp/freeCodeCamp/pull/47270
47269,5h 41m,341,0,0,0,0,2022-08-12T12:24:21Z,2022-08-12T18:41:09Z,6h 16m 48s,camperbot,https://github.com/freeCodeCamp/freeCodeCamp/pull/47269
47267,0s,0,0,0,0,0,2022-08-12T06:33:17Z,2022-08-15T13:00:31Z,3d 6h 27m 14s,mmatsumoto1026,https://github.com/freeCodeCamp/freeCodeCamp/pull/47267
47261,2h 58m,178,0,0,0,0,2022-08-11T12:59:11Z,2022-08-11T15:58:30Z,2h 59m 19s,camperbot,https://github.com/freeCodeCamp/freeCodeCamp/pull/47261
47249,7h 19m,439,0,0,0,0,2022-08-10T12:58:20Z,2022-08-10T20:19:17Z,7h 20m 57s,camperbot,https://github.com/freeCodeCamp/freeCodeCamp/pull/47249
47248,5h 21m,321,0,0,0,0,2022-08-10T12:24:16Z,2022-08-10T18:21:34Z,5h 57m 18s,camperbot,https://github.com/freeCodeCamp/freeCodeCamp/pull/47248
47229,13h 35m,815,0,0,0,0,2022-08-09T16:42:41Z,2022-08-11T17:23:44Z,2d 0h 41m 3s,jeremylt,https://github.com/freeCodeCamp/freeCodeCamp/pull/47229
47228,5h 34m,334,0,0,0,0,2022-08-09T12:59:32Z,2022-08-09T18:35:16Z,5h 35m 44s,camperbot,https://github.com/freeCodeCamp/freeCodeCamp/pull/47228
47227,5h 33m,333,0,0,0,0,2022-08-09T12:25:07Z,2022-08-10T06:56:56Z,18h 31m 49s,camperbot,https://github.com/freeCodeCamp/freeCodeCamp/pull/47227
47222,6h 24m,384,2,0,1,3,2022-08-09T04:19:06Z,2022-08-09T20:39:57Z,16h 20m 51s,mjh316,https://github.com/freeCodeCamp/freeCodeCamp/pull/47222
47221,17d 3h 12m,24672,3,1,1,5,2022-08-24T14:36:58Z,2022-10-29T06:29:48Z,65d 15h 52m 50s,hanswang123456,https://github.com/freeCodeCamp/freeCodeCamp/pull/47221
47211,1d 0h 12m,1452,1,0,1,2,2022-08-08T01:16:09Z,2022-08-15T17:52:25Z,7d 16h 36m 16s,hanswang123456,https://github.com/freeCodeCamp/freeCodeCamp/pull/47211
47208,15h 59m,959,0,0,0,0,2022-08-07T19:57:46Z,2022-08-09T20:02:16Z,2d 0h 4m 30s,lasjorg,https://github.com/freeCodeCamp/freeCodeCamp/pull/47208
47201,7h 16m,436,0,0,0,0,2022-08-07T09:10:38Z,2022-08-09T20:16:51Z,2d 11h 6m 13s,Sboonny,https://github.com/freeCodeCamp/freeCodeCamp/pull/47201
47154,4h 50m,290,0,0,0,0,2022-08-04T12:58:43Z,2022-08-05T08:05:49Z,19h 7m 6s,camperbot,https://github.com/freeCodeCamp/freeCodeCamp/pull/47154
47153,4h 50m,290,0,0,0,0,2022-08-04T12:24:44Z,2022-08-05T08:05:09Z,19h 40m 25s,camperbot,https://github.com/freeCodeCamp/freeCodeCamp/pull/47153
47143,11m 55s,11,0,0,1,1,2022-08-03T15:32:32Z,2022-08-03T16:54:52Z,1h 22m 20s,ojeytonwilliams,https://github.com/freeCodeCamp/freeCodeCamp/pull/47143
47141,4h 5m 56s,245,0,1,0,1,2022-08-03T13:00:21Z,2022-08-04T01:31:45Z,12h 31m 24s,camperbot,https://github.com/freeCodeCamp/freeCodeCamp/pull/47141
47137,1h 3m,63,0,0,0,0,2022-08-03T07:45:32Z,2022-08-03T14:04:00Z,6h 18m 28s,ojeytonwilliams,https://github.com/freeCodeCamp/freeCodeCamp/pull/47137
47127,3h 39m 35s,219,0,0,0,0,2022-08-02T17:29:32Z,2022-08-03T05:50:25Z,12h 20m 53s,ojeytonwilliams,https://github.com/freeCodeCamp/freeCodeCamp/pull/47127
47114,3h 20m 43s,200,0,0,0,0,2022-08-01T13:01:03Z,2022-08-02T11:46:55Z,22h 45m 52s,camperbot,https://github.com/freeCodeCamp/freeCodeCamp/pull/47114
47113,3h 23m,203,0,0,0,0,2022-08-01T12:11:11Z,2022-08-01T16:23:40Z,4h 12m 29s,camperbot,https://github.com/freeCodeCamp/freeCodeCamp/pull/47113
47081,3h 18m 11s,198,0,0,0,0,2022-07-29T13:01:49Z,2022-07-29T16:22:07Z,3h 20m 18s,camperbot,https://github.com/freeCodeCamp/freeCodeCamp/pull/47081
47060,5h 33m,333,0,0,0,0,2022-07-28T12:11:44Z,2022-07-28T18:34:05Z,6h 22m 21s,camperbot,https://github.com/freeCodeCamp/freeCodeCamp/pull/47060
47058,20h 21m,1221,0,0,0,0,2022-07-28T10:19:32Z,2022-08-08T17:08:24Z,11d 6h 48m 52s,ieahleen,https://github.com/freeCodeCamp/freeCodeCamp/pull/47058
47049,7h 12m,432,0,0,0,0,2022-07-27T12:09:24Z,2022-07-27T20:12:30Z,8h 3m 6s,camperbot,https://github.com/freeCodeCamp/freeCodeCamp/pull/47049
47046,7h 16m,436,0,0,0,0,2022-07-27T08:17:49Z,2022-07-28T07:04:39Z,22h 46m 50s,wongwinnie198,https://github.com/freeCodeCamp/freeCodeCamp/pull/47046
47039,1d 16h,2400,33,4,4,41,2022-07-26T04:44:37Z,2022-08-14T18:17:51Z,19d 13h 33m 14s,joonkyu,https://github.com/freeCodeCamp/freeCodeCamp/pull/47039
47031,7h 41m,461,0,0,0,0,2022-07-25T12:50:54Z,2022-07-27T21:05:00Z,2d 8h 14m 6s,AirSayy,https://github.com/freeCodeCamp/freeCodeCamp/pull/47031
47030,2h 17m,137,0,0,0,0,2022-07-25T12:24:38Z,2022-07-25T15:25:21Z,3h 0m 43s,camperbot,https://github.com/freeCodeCamp/freeCodeCamp/pull/47030
47029,2h 18m,138,0,0,0,0,2022-07-25T12:09:59Z,2022-07-25T15:26:39Z,3h 16m 40s,camperbot,https://github.com/freeCodeCamp/freeCodeCamp/pull/47029
47027,4h 47m,287,0,1,0,1,2022-07-24T22:34:08Z,2022-07-25T17:47:12Z,19h 13m 4s,DylanDevelops,https://github.com/freeCodeCamp/freeCodeCamp/pull/47027
47025,1d 0h 31m,1471,0,0,0,0,2022-07-24T20:19:56Z,2022-07-28T07:25:55Z,3d 11h 5m 59s,renovate[bot],https://github.com/freeCodeCamp/freeCodeCamp/pull/47025
47020,1d 1h 50m,1550,0,0,0,0,2022-07-24T14:58:24Z,2022-07-27T20:55:10Z,3d 5h 56m 46s,ieahleen,https://github.com/freeCodeCamp/freeCodeCamp/pull/47020
47019,15h 59m,959,0,0,0,0,2022-07-24T09:57:14Z,2022-07-27T20:59:45Z,3d 11h 2m 31s,ieahleen,https://github.com/freeCodeCamp/freeCodeCamp/pull/47019
47018,16h 8m,968,0,0,0,0,2022-07-24T09:48:53Z,2022-07-27T21:38:32Z,3d 11h 49m 39s,ieahleen,https://github.com/freeCodeCamp/freeCodeCamp/pull/47018
47017,16h 15m,975,0,0,0,0,2022-07-24T08:01:58Z,2022-07-27T21:21:28Z,3d 13h 19m 30s,ieahleen,https://github.com/freeCodeCamp/freeCodeCamp/pull/47017
46989,5h 25m,325,0,0,0,0,2022-07-22T12:59:31Z,2022-07-22T18:25:37Z,5h 26m 6s,camperbot,https://github.com/freeCodeCamp/freeCodeCamp/pull/46989
46988,5h 25m,325,0,0,0,0,2022-07-22T12:09:55Z,2022-07-22T18:25:59Z,6h 16m 4s,camperbot,https://github.com/freeCodeCamp/freeCodeCamp/pull/46988
46983,1d 8h 45m,1965,0,1,0,1,2022-07-22T03:10:22Z,2022-07-27T21:25:53Z,5d 18h 15m 31s,gabrielrochamd,https://github.com/freeCodeCamp/freeCodeCamp/pull/46983
46952,1h 52m,112,0,0,0,0,2022-07-19T12:09:38Z,2022-07-19T14:52:08Z,2h 42m 30s,camperbot,https://github.com/freeCodeCamp/freeCodeCamp/pull/46952
46882,1h 5m,65,0,0,0,0,2022-07-13T12:17:30Z,2022-07-13T14:05:56Z,1h 48m 26s,camperbot,https://github.com/freeCodeCamp/freeCodeCamp/pull/46882
46869,1h 42m,102,0,0,0,0,2022-07-12T10:05:02Z,2022-07-12T23:46:11Z,13h 41m 9s,ieahleen,https://github.com/freeCodeCamp/freeCodeCamp/pull/46869
46851,48m 17s,48,0,0,0,0,2022-07-11T13:45:04Z,2022-07-11T16:25:43Z,2h 40m 39s,ieahleen,https://github.com/freeCodeCamp/freeCodeCamp/pull/46851
46847,3h 30m,210,0,0,0,0,2022-07-11T09:48:09Z,2022-07-11T16:30:56Z,6h 42m 47s,ojeytonwilliams,https://github.com/freeCodeCamp/freeCodeCamp/pull/46847
46812,34m 5s,34,0,1,0,1,2022-07-08T19:50:26Z,2022-07-08T22:13:52Z,2h 23m 26s,ayaanraj,https://github.com/freeCodeCamp/freeCodeCamp/pull/46812
46792,1h 11m 46s,71,0,0,0,0,2022-07-07T16:04:30Z,2022-07-07T17:16:17Z,1h 11m 47s,jeremylt,https://github.com/freeCodeCamp/freeCodeCamp/pull/46792
46790,1h 11m 33s,71,0,0,0,0,2022-07-07T14:38:47Z,2022-07-07T15:50:30Z,1h 11m 43s,RandellDawson,https://github.com/freeCodeCamp/freeCodeCamp/pull/46790
46787,1h 54m,114,0,0,0,0,2022-07-07T12:24:21Z,2022-07-07T14:54:38Z,2h 30m 17s,camperbot,https://github.com/freeCodeCamp/freeCodeCamp/pull/46787
46777,1h 15m 35s,75,7,2,3,12,2022-07-06T17:48:24Z,2022-07-08T20:48:09Z,2d 2h 59m 45s,alpox,https://github.com/freeCodeCamp/freeCodeCamp/pull/46777
46770,0s,0,0,0,0,0,2022-07-05T21:24:31Z,2022-07-06T06:46:34Z,9h 22m 3s,texas2010,https://github.com/freeCodeCamp/freeCodeCamp/pull/46770
46768,2h,120,0,0,0,0,2022-07-05T19:19:36Z,2022-07-06T11:56:13Z,16h 36m 37s,Nirajn2311,https://github.com/freeCodeCamp/freeCodeCamp/pull/46768
46759,9h,540,0,1,0,1,2022-07-04T20:03:14Z,2022-07-05T23:53:14Z,1d 3h 50m,sambhujimmi,https://github.com/freeCodeCamp/freeCodeCamp/pull/46759
46757,1h 10m 38s,70,0,0,0,0,2022-07-04T13:01:09Z,2022-07-04T17:07:30Z,4h 6m 21s,camperbot,https://github.com/freeCodeCamp/freeCodeCamp/pull/46757
46756,1h 10m,70,0,0,0,0,2022-07-04T12:09:48Z,2022-07-04T17:05:19Z,4h 55m 31s,camperbot,https://github.com/freeCodeCamp/freeCodeCamp/pull/46756
46736,20m 12s,20,0,1,0,1,2022-07-01T18:07:41Z,2022-07-01T20:27:05Z,2h 19m 24s,RandellDawson,https://github.com/freeCodeCamp/freeCodeCamp/pull/46736
46726,13h 30m,810,0,0,0,0,2022-06-30T13:09:09Z,2022-07-01T18:30:28Z,1d 5h 21m 19s,ShaunSHamilton,https://github.com/freeCodeCamp/freeCodeCamp/pull/46726
46701,1d 1h 30m,1530,1,0,1,2,2022-06-28T18:03:30Z,2022-07-01T22:07:23Z,3d 4h 3m 53s,Sboonny,https://github.com/freeCodeCamp/freeCodeCamp/pull/46701
46689,3h 23m,203,0,0,0,0,2022-06-28T10:30:11Z,2022-06-29T16:44:31Z,1d 6h 14m 20s,ieahleen,https://github.com/freeCodeCamp/freeCodeCamp/pull/46689
46680,6h 35m,395,3,0,1,4,2022-06-27T12:03:00Z,2022-07-01T15:34:20Z,4d 3h 31m 20s,ieahleen,https://github.com/freeCodeCamp/freeCodeCamp/pull/46680
46650,22h 43m,1363,1,0,1,2,2022-06-24T19:44:45Z,2022-06-29T19:36:01Z,4d 23h 51m 16s,sidemt,https://github.com/freeCodeCamp/freeCodeCamp/pull/46650
46631,6m,6,0,0,0,0,2022-06-23T12:56:47Z,2022-06-23T16:03:48Z,3h 7m 1s,camperbot,https://github.com/freeCodeCamp/freeCodeCamp/pull/46631
46630,0s,0,0,0,0,0,2022-06-23T12:24:53Z,2022-06-23T16:04:11Z,3h 39m 18s,camperbot,https://github.com/freeCodeCamp/freeCodeCamp/pull/46630
46627,0s,0,0,1,0,1,2022-06-23T08:32:14Z,2022-06-23T15:34:30Z,7h 2m 16s,ojeytonwilliams,https://github.com/freeCodeCamp/freeCodeCamp/pull/46627
46622,6m,6,0,0,0,0,2022-06-22T12:57:35Z,2022-06-22T13:17:46Z,20m 11s,camperbot,https://github.com/freeCodeCamp/freeCodeCamp/pull/46622
46620,0s,0,0,0,0,0,2022-06-22T12:08:41Z,2022-06-22T12:52:48Z,44m 7s,camperbot,https://github.com/freeCodeCamp/freeCodeCamp/pull/46620
46609,3h 30m 40s,210,0,1,0,1,2022-06-21T18:03:55Z,2022-06-22T07:48:40Z,13h 44m 45s,ieahleen,https://github.com/freeCodeCamp/freeCodeCamp/pull/46609
46588,4h 9m 7s,249,0,0,0,0,2022-06-20T16:05:03Z,2022-06-20T20:14:23Z,4h 9m 20s,ShaunSHamilton,https://github.com/freeCodeCamp/freeCodeCamp/pull/46588
46586,1h 32m,92,0,0,0,0,2022-06-20T12:56:48Z,2022-06-20T14:32:12Z,1h 35m 24s,camperbot,https://github.com/freeCodeCamp/freeCodeCamp/pull/46586
46582,1h 31m,91,0,0,0,0,2022-06-20T12:21:41Z,2022-06-20T14:31:15Z,2h 9m 34s,camperbot,https://github.com/freeCodeCamp/freeCodeCamp/pull/46582
46531,41m 58s,41,0,0,0,0,2022-06-16T21:00:20Z,2022-06-17T07:59:41Z,10h 59m 21s,billybrown-iii,https://github.com/freeCodeCamp/freeCodeCamp/pull/46531
46528,7m 36s,7,0,1,0,1,2022-06-16T18:30:12Z,2022-06-16T20:17:53Z,1h 47m 41s,raisedadead,https://github.com/freeCodeCamp/freeCodeCamp/pull/46528
46522,3h 47m,227,0,0,0,0,2022-06-16T12:54:48Z,2022-06-17T16:47:03Z,1d 3h 52m 15s,camperbot,https://github.com/freeCodeCamp/freeCodeCamp/pull/46522
46486,4h 39m 5s,279,3,1,1,5,2022-06-13T14:14:08Z,2022-06-13T18:53:14Z,4h 39m 6s,UCYLMZ,https://github.com/freeCodeCamp/freeCodeCamp/pull/46486
46422,9h 56m,596,0,0,0,0,2022-06-09T14:32:54Z,2022-06-10T16:58:38Z,1d 2h 25m 44s,ojeytonwilliams,https://github.com/freeCodeCamp/freeCodeCamp/pull/46422
46383,2h 11m 9s,131,0,1,0,1,2022-06-07T15:48:12Z,2022-06-07T18:03:36Z,2h 15m 24s,ojeytonwilliams,https://github.com/freeCodeCamp/freeCodeCamp/pull/46383
46369,1h 54m 59s,114,0,0,0,0,2022-06-06T13:00:35Z,2022-06-06T14:55:35Z,1h 55m,camperbot,https://github.com/freeCodeCamp/freeCodeCamp/pull/46369
46350,9h 47m,587,0,1,0,1,2022-06-05T08:30:25Z,2022-06-08T14:48:17Z,3d 6h 17m 52s,Prathamesh010,https://github.com/freeCodeCamp/freeCodeCamp/pull/46350
46313,1h 32m 52s,92,0,0,0,0,2022-06-03T15:03:54Z,2022-06-03T16:36:47Z,1h 32m 53s,ojeytonwilliams,https://github.com/freeCodeCamp/freeCodeCamp/pull/46313
46302,5h 7m,307,0,0,0,0,2022-06-02T22:17:18Z,2022-06-03T20:35:46Z,22h 18m 28s,casem725,https://github.com/freeCodeCamp/freeCodeCamp/pull/46302
46291,3h 10m,190,0,1,0,1,2022-06-02T12:09:17Z,2022-06-02T17:53:03Z,5h 43m 46s,camperbot,https://github.com/freeCodeCamp/freeCodeCamp/pull/46291
46270,27m 54s,27,0,0,0,0,2022-06-01T13:40:08Z,2022-06-01T14:31:22Z,51m 14s,ShaunSHamilton,https://github.com/freeCodeCamp/freeCodeCamp/pull/46270
46269,1h 2m 34s,62,0,0,0,0,2022-06-01T13:07:40Z,2022-06-01T14:10:25Z,1h 2m 45s,camperbot,https://github.com/freeCodeCamp/freeCodeCamp/pull/46269
46268,1h 9m,69,0,0,0,0,2022-06-01T12:28:50Z,2022-06-01T14:09:15Z,1h 40m 25s,camperbot,https://github.com/freeCodeCamp/freeCodeCamp/pull/46268
46262,1h 16m,76,0,0,0,0,2022-06-01T05:38:23Z,2022-06-01T14:16:20Z,8h 37m 57s,Sboonny,https://github.com/freeCodeCamp/freeCodeCamp/pull/46262
46261,2h 5m,125,1,0,1,2,2022-06-01T05:18:16Z,2022-06-01T15:19:59Z,10h 1m 43s,Sboonny,https://github.com/freeCodeCamp/freeCodeCamp/pull/46261
46260,2h 6m,126,1,0,1,2,2022-06-01T05:07:05Z,2022-06-01T15:19:28Z,10h 12m 23s,Sboonny,https://github.com/freeCodeCamp/freeCodeCamp/pull/46260
46253,52m 45s,52,0,0,0,0,2022-05-31T15:34:51Z,2022-05-31T16:27:37Z,52m 46s,ojeytonwilliams,https://github.com/freeCodeCamp/freeCodeCamp/pull/46253
46231,9m 30s,9,0,1,0,1,2022-05-30T16:56:31Z,2022-05-30T17:06:18Z,9m 47s,raisedadead,https://github.com/freeCodeCamp/freeCodeCamp/pull/46231
46230,2h 42m 36s,162,0,0,0,0,2022-05-30T13:00:58Z,2022-05-30T16:25:46Z,3h 24m 48s,camperbot,https://github.com/freeCodeCamp/freeCodeCamp/pull/46230
46181,2h 55m 7s,175,2,0,1,3,2022-05-27T17:32:31Z,2022-05-28T05:15:03Z,11h 42m 32s,JordanMooree,https://github.com/freeCodeCamp/freeCodeCamp/pull/46181
46180,2m 58s,2,0,0,0,0,2022-05-27T16:04:51Z,2022-05-27T17:36:06Z,1h 31m 15s,ojeytonwilliams,https://github.com/freeCodeCamp/freeCodeCamp/pull/46180
46179,57m 39s,57,1,0,1,2,2022-05-27T15:33:18Z,2022-05-27T16:31:03Z,57m 45s,ojeytonwilliams,https://github.com/freeCodeCamp/freeCodeCamp/pull/46179
46177,2h 9m 28s,129,0,0,0,0,2022-05-27T13:15:07Z,2022-05-27T15:24:36Z,2h 9m 29s,camperbot,https://github.com/freeCodeCamp/freeCodeCamp/pull/46177
46164,2h 1m 37s,121,0,0,0,0,2022-05-26T16:56:49Z,2022-05-26T18:58:31Z,2h 1m 42s,lasjorg,https://github.com/freeCodeCamp/freeCodeCamp/pull/46164
46150,26m,26,0,1,0,1,2022-05-25T16:13:52Z,2022-05-25T17:05:26Z,51m 34s,moT01,https://github.com/freeCodeCamp/freeCodeCamp/pull/46150
46147,3h 46m,226,0,0,0,0,2022-05-25T12:26:40Z,2022-05-25T17:02:34Z,4h 35m 54s,Dario-DC,https://github.com/freeCodeCamp/freeCodeCamp/pull/46147
46144,4h 50m,290,0,1,0,1,2022-05-25T05:55:37Z,2022-05-25T17:50:19Z,11h 54m 42s,Sboonny,https://github.com/freeCodeCamp/freeCodeCamp/pull/46144
46133,4h 26m,266,0,0,0,0,2022-05-24T12:57:56Z,2022-05-24T17:26:11Z,4h 28m 15s,camperbot,https://github.com/freeCodeCamp/freeCodeCamp/pull/46133
46122,4m 14s,4,0,0,0,0,2022-05-23T14:26:31Z,2022-05-23T15:50:00Z,1h 23m 29s,raisedadead,https://github.com/freeCodeCamp/freeCodeCamp/pull/46122
46121,1m 7s,1,0,0,0,0,2022-05-23T14:20:39Z,2022-05-23T15:50:44Z,1h 30m 5s,raisedadead,https://github.com/freeCodeCamp/freeCodeCamp/pull/46121
46120,1h 0m 55s,60,0,0,0,0,2022-05-23T13:22:20Z,2022-05-23T15:07:09Z,1h 44m 49s,Sboonny,https://github.com/freeCodeCamp/freeCodeCamp/pull/46120
46119,1h 16m 55s,76,0,0,0,0,2022-05-23T13:04:07Z,2022-05-23T14:21:03Z,1h 16m 56s,camperbot,https://github.com/freeCodeCamp/freeCodeCamp/pull/46119
46084,5h 3m,303,0,0,0,0,2022-05-20T12:59:06Z,2022-05-22T06:21:26Z,1d 17h 22m 20s,camperbot,https://github.com/freeCodeCamp/freeCodeCamp/pull/46084
46083,5h 2m,302,0,0,0,0,2022-05-20T12:25:15Z,2022-05-20T18:02:06Z,5h 36m 51s,camperbot,https://github.com/freeCodeCamp/freeCodeCamp/pull/46083
46082,22m 6s,22,1,0,1,2,2022-05-20T11:42:46Z,2022-05-21T05:59:29Z,18h 16m 43s,Sembauke,https://github.com/freeCodeCamp/freeCodeCamp/pull/46082
46073,1h 2m 24s,62,0,0,0,0,2022-05-19T14:27:37Z,2022-05-19T16:04:03Z,1h 36m 26s,raisedadead,https://github.com/freeCodeCamp/freeCodeCamp/pull/46073
46053,1h 18m 50s,78,0,0,0,0,2022-05-18T16:54:09Z,2022-05-18T18:13:00Z,1h 18m 51s,ojeytonwilliams,https://github.com/freeCodeCamp/freeCodeCamp/pull/46053
46028,11m 44s,11,0,0,0,0,2022-05-17T20:17:01Z,2022-05-17T20:37:30Z,20m 29s,ojeytonwilliams,https://github.com/freeCodeCamp/freeCodeCamp/pull/46028
46019,15m 24s,15,1,0,1,2,2022-05-17T15:29:31Z,2022-05-17T15:44:56Z,15m 25s,moT01,https://github.com/freeCodeCamp/freeCodeCamp/pull/46019
46017,35m 17s,35,0,0,0,0,2022-05-17T14:46:51Z,2022-05-17T15:21:58Z,35m 7s,ShaunSHamilton,https://github.com/freeCodeCamp/freeCodeCamp/pull/46017
46005,2h 23m,143,0,0,0,0,2022-05-17T07:12:58Z,2022-05-17T16:30:07Z,9h 17m 9s,raisedadead,https://github.com/freeCodeCamp/freeCodeCamp/pull/46005
45992,1h 8m 52s,68,0,1,0,1,2022-05-16T13:09:57Z,2022-05-16T14:18:53Z,1h 8m 56s,moT01,https://github.com/freeCodeCamp/freeCodeCamp/pull/45992
45991,1h 3m 32s,63,0,0,0,0,2022-05-16T13:02:26Z,2022-05-16T14:06:15Z,1h 3m 49s,camperbot,https://github.com/freeCodeCamp/freeCodeCamp/pull/45991
45990,1h 4m,64,0,0,0,0,2022-05-16T12:29:11Z,2022-05-16T14:04:18Z,1h 35m 7s,camperbot,https://github.com/freeCodeCamp/freeCodeCamp/pull/45990
45953,1h 19m 58s,79,0,0,0,0,2022-05-13T19:49:35Z,2022-05-14T04:33:23Z,8h 43m 48s,CAPTAINCOBRA,https://github.com/freeCodeCamp/freeCodeCamp/pull/45953
45945,2h 35m,155,0,0,0,0,2022-05-13T12:58:44Z,2022-05-13T15:35:27Z,2h 36m 43s,camperbot,https://github.com/freeCodeCamp/freeCodeCamp/pull/45945
45943,2h 33m,153,0,0,0,0,2022-05-13T12:11:51Z,2022-05-13T15:33:16Z,3h 21m 25s,camperbot,https://github.com/freeCodeCamp/freeCodeCamp/pull/45943
45942,2h 45m,165,0,0,0,0,2022-05-13T11:18:17Z,2022-05-14T04:36:26Z,17h 18m 9s,ojeytonwilliams,https://github.com/freeCodeCamp/freeCodeCamp/pull/45942
45941,0s,0,1,0,1,2,2022-05-13T09:39:08Z,2022-05-15T20:03:02Z,2d 10h 23m 54s,Dario-DC,https://github.com/freeCodeCamp/freeCodeCamp/pull/45941
45932,0s,0,0,0,0,0,2022-05-12T21:33:33Z,2022-05-13T03:37:49Z,6h 4m 16s,ieahleen,https://github.com/freeCodeCamp/freeCodeCamp/pull/45932
45928,11m 6s,11,0,0,0,0,2022-05-12T13:03:40Z,2022-05-12T16:20:24Z,3h 16m 44s,camperbot,https://github.com/freeCodeCamp/freeCodeCamp/pull/45928
45927,0s,0,0,0,0,0,2022-05-12T12:28:27Z,2022-05-12T14:41:26Z,2h 12m 59s,camperbot,https://github.com/freeCodeCamp/freeCodeCamp/pull/45927
45926,0s,0,0,0,0,0,2022-05-12T11:57:21Z,2022-05-12T13:45:06Z,1h 47m 45s,ShaunSHamilton,https://github.com/freeCodeCamp/freeCodeCamp/pull/45926
45925,0s,0,0,0,0,0,2022-05-12T10:46:04Z,2022-05-12T14:43:41Z,3h 57m 37s,hassaanp,https://github.com/freeCodeCamp/freeCodeCamp/pull/45925
45921,3h 19m 39s,199,2,1,1,4,2022-05-11T17:05:26Z,2022-05-11T20:30:52Z,3h 25m 26s,ShaunSHamilton,https://github.com/freeCodeCamp/freeCodeCamp/pull/45921
45918,1h 47m 34s,107,0,0,0,0,2022-05-11T14:45:33Z,2022-05-11T23:26:09Z,8h 40m 36s,sidemt,https://github.com/freeCodeCamp/freeCodeCamp/pull/45918
45916,3h 15m 13s,195,0,0,0,0,2022-05-11T13:08:09Z,2022-05-11T16:23:27Z,3h 15m 18s,camperbot,https://github.com/freeCodeCamp/freeCodeCamp/pull/45916
45914,3h 24m,204,0,0,0,0,2022-05-11T12:14:49Z,2022-05-11T16:24:05Z,4h 9m 16s,camperbot,https://github.com/freeCodeCamp/freeCodeCamp/pull/45914
45913,5h 48m 16s,348,1,0,1,2,2022-05-11T13:55:30Z,2022-05-12T12:10:35Z,22h 15m 5s,ieahleen,https://github.com/freeCodeCamp/freeCodeCamp/pull/45913
45911,7h 3m,423,0,0,0,0,2022-05-11T10:30:41Z,2022-05-12T05:43:21Z,19h 12m 40s,Abdelmalek123-Ennani,https://github.com/freeCodeCamp/freeCodeCamp/pull/45911
45909,6h 19m,379,0,0,0,0,2022-05-10T20:35:21Z,2022-05-11T18:20:39Z,21h 45m 18s,Sboonny,https://github.com/freeCodeCamp/freeCodeCamp/pull/45909
45906,3h 50m 2s,230,0,0,0,0,2022-05-10T14:35:29Z,2022-05-11T09:08:21Z,18h 32m 52s,moT01,https://github.com/freeCodeCamp/freeCodeCamp/pull/45906
45905,4h 55m 56s,295,0,0,0,0,2022-05-10T13:00:43Z,2022-05-10T17:56:45Z,4h 56m 2s,camperbot,https://github.com/freeCodeCamp/freeCodeCamp/pull/45905
45904,4h 57m,297,0,0,0,0,2022-05-10T12:29:31Z,2022-05-10T17:57:07Z,5h 27m 36s,camperbot,https://github.com/freeCodeCamp/freeCodeCamp/pull/45904
45903,4h 57m,297,0,0,0,0,2022-05-10T12:15:07Z,2022-05-10T17:57:51Z,5h 42m 44s,camperbot,https://github.com/freeCodeCamp/freeCodeCamp/pull/45903
45901,4h 19m 42s,259,0,0,0,0,2022-05-10T14:03:20Z,2022-05-10T18:23:07Z,4h 19m 47s,ahmadabdolsaheb,https://github.com/freeCodeCamp/freeCodeCamp/pull/45901
45893,1h 35m 46s,95,0,0,0,0,2022-05-09T13:00:51Z,2022-05-10T01:11:48Z,12h 10m 57s,camperbot,https://github.com/freeCodeCamp/freeCodeCamp/pull/45893
45892,1h 35m,95,0,0,0,0,2022-05-09T12:14:46Z,2022-05-10T01:10:54Z,12h 56m 8s,camperbot,https://github.com/freeCodeCamp/freeCodeCamp/pull/45892
45870,1h 45m 55s,105,0,0,0,0,2022-05-05T18:39:17Z,2022-05-06T08:10:22Z,13h 31m 5s,RafaelDavisH,https://github.com/freeCodeCamp/freeCodeCamp/pull/45870
45869,5h 9m 36s,309,0,0,0,0,2022-05-05T15:46:59Z,2022-05-05T20:56:41Z,5h 9m 42s,moT01,https://github.com/freeCodeCamp/freeCodeCamp/pull/45869
45864,1h 43m,103,0,0,0,0,2022-05-04T12:57:16Z,2022-05-06T17:19:43Z,2d 4h 22m 27s,camperbot,https://github.com/freeCodeCamp/freeCodeCamp/pull/45864
45863,1h 42m,102,0,0,0,0,2022-05-04T12:12:54Z,2022-05-06T14:42:25Z,2d 2h 29m 31s,camperbot,https://github.com/freeCodeCamp/freeCodeCamp/pull/45863
45860,4m 46s,4,0,0,1,1,2022-05-03T22:55:12Z,2022-05-05T17:05:30Z,1d 18h 10m 18s,lharrison1313,https://github.com/freeCodeCamp/freeCodeCamp/pull/45860
45856,30m 58s,30,0,0,0,0,2022-05-03T17:30:22Z,2022-05-03T18:23:14Z,52m 52s,ieahleen,https://github.com/freeCodeCamp/freeCodeCamp/pull/45856
45855,20m 54s,20,0,0,0,0,2022-05-03T17:20:12Z,2022-05-03T18:23:03Z,1h 2m 51s,huyenltnguyen,https://github.com/freeCodeCamp/freeCodeCamp/pull/45855
45851,1h 5m,65,0,0,0,0,2022-05-03T12:58:44Z,2022-05-03T16:06:50Z,3h 8m 6s,camperbot,https://github.com/freeCodeCamp/freeCodeCamp/pull/45851
45850,1h 6m,66,0,0,0,0,2022-05-03T12:09:39Z,2022-05-03T16:06:24Z,3h 56m 45s,camperbot,https://github.com/freeCodeCamp/freeCodeCamp/pull/45850
45849,1h 7m,67,0,0,0,0,2022-05-03T10:35:04Z,2022-05-03T14:07:08Z,3h 32m 4s,huyenltnguyen,https://github.com/freeCodeCamp/freeCodeCamp/pull/45849
45843,3h 13m 7s,193,0,0,0,0,2022-05-02T13:32:57Z,2022-05-02T17:31:41Z,3h 58m 44s,TrshDesigns,https://github.com/freeCodeCamp/freeCodeCamp/pull/45843
45841,2h 18m 22s,138,0,0,0,0,2022-05-02T13:01:32Z,2022-05-02T15:19:55Z,2h 18m 23s,Sembauke,https://github.com/freeCodeCamp/freeCodeCamp/pull/45841
45840,2h 28m,148,0,0,0,0,2022-05-02T12:58:31Z,2022-05-02T15:54:57Z,2h 56m 26s,camperbot,https://github.com/freeCodeCamp/freeCodeCamp/pull/45840
45839,1h 6m,66,0,0,0,0,2022-05-02T12:29:20Z,2022-05-03T16:07:08Z,1d 3h 37m 48s,camperbot,https://github.com/freeCodeCamp/freeCodeCamp/pull/45839
45838,2h 26m,146,0,0,0,0,2022-05-02T12:13:51Z,2022-05-02T15:26:38Z,3h 12m 47s,camperbot,https://github.com/freeCodeCamp/freeCodeCamp/pull/45838
45837,3h 58m,238,0,0,0,0,2022-05-02T10:37:43Z,2022-05-02T18:39:38Z,8h 1m 55s,ojeytonwilliams,https://github.com/freeCodeCamp/freeCodeCamp/pull/45837
45807,2h 54m 33s,174,0,0,0,0,2022-04-29T13:02:05Z,2022-04-29T15:58:12Z,2h 56m 7s,camperbot,https://github.com/freeCodeCamp/freeCodeCamp/pull/45807
45806,2h 58m,178,0,0,0,0,2022-04-29T12:28:41Z,2022-04-29T16:54:44Z,4h 26m 3s,camperbot,https://github.com/freeCodeCamp/freeCodeCamp/pull/45806
45805,2h 59m,179,0,0,0,0,2022-04-29T12:10:20Z,2022-04-29T15:59:21Z,3h 49m 1s,camperbot,https://github.com/freeCodeCamp/freeCodeCamp/pull/45805
45804,3h 2m,182,0,0,0,0,2022-04-29T08:07:02Z,2022-04-29T16:03:00Z,7h 55m 58s,Sembauke,https://github.com/freeCodeCamp/freeCodeCamp/pull/45804
45803,5h 38m,338,0,0,0,0,2022-04-29T05:34:59Z,2022-05-03T18:38:33Z,4d 13h 3m 34s,bbsmooth,https://github.com/freeCodeCamp/freeCodeCamp/pull/45803
45799,1h 46m 59s,106,1,0,1,2,2022-04-28T17:04:04Z,2022-04-28T21:04:16Z,4h 0m 12s,Sembauke,https://github.com/freeCodeCamp/freeCodeCamp/pull/45799
45798,4h 16m 50s,256,2,0,1,3,2022-04-28T15:52:12Z,2022-04-29T02:09:56Z,10h 17m 44s,Sboonny,https://github.com/freeCodeCamp/freeCodeCamp/pull/45798
45795,39m 34s,39,0,0,0,0,2022-04-28T13:03:42Z,2022-04-28T15:57:56Z,2h 54m 14s,camperbot,https://github.com/freeCodeCamp/freeCodeCamp/pull/45795
45794,43m,43,0,0,0,0,2022-04-28T12:28:25Z,2022-04-28T15:58:52Z,3h 30m 27s,camperbot,https://github.com/freeCodeCamp/freeCodeCamp/pull/45794
45793,19h 15m,1155,2,0,1,3,2022-04-28T13:26:02Z,2022-05-02T15:53:30Z,4d 2h 27m 28s,Sembauke,https://github.com/freeCodeCamp/freeCodeCamp/pull/45793
45787,44m,44,0,0,0,0,2022-04-26T12:13:39Z,2022-04-26T15:46:12Z,3h 32m 33s,camperbot,https://github.com/freeCodeCamp/freeCodeCamp/pull/45787
45781,4m 23s,4,0,0,0,0,2022-04-25T17:54:49Z,2022-04-25T19:53:58Z,1h 59m 9s,raisedadead,https://github.com/freeCodeCamp/freeCodeCamp/pull/45781
45775,1h 52m 6s,112,0,0,0,0,2022-04-25T14:10:10Z,2022-04-25T16:31:22Z,2h 21m 12s,raisedadead,https://github.com/freeCodeCamp/freeCodeCamp/pull/45775
45774,19h 3m,1143,0,0,0,0,2022-04-25T13:06:17Z,2022-04-27T15:57:55Z,2d 2h 51m 38s,camperbot,https://github.com/freeCodeCamp/freeCodeCamp/pull/45774
45750,2h 39m 17s,159,1,0,1,2,2022-04-22T17:59:41Z,2022-04-25T05:19:28Z,2d 11h 19m 47s,RafaelDavisH,https://github.com/freeCodeCamp/freeCodeCamp/pull/45750
45749,2h 58m,178,0,0,0,0,2022-04-22T12:56:40Z,2022-04-22T16:40:12Z,3h 43m 32s,camperbot,https://github.com/freeCodeCamp/freeCodeCamp/pull/45749
45742,1h 3m,63,0,0,0,0,2022-04-21T12:59:19Z,2022-04-21T18:04:24Z,5h 5m 5s,camperbot,https://github.com/freeCodeCamp/freeCodeCamp/pull/45742
45741,1h 40m,100,0,0,0,0,2022-04-21T12:13:36Z,2022-04-22T10:56:38Z,22h 43m 2s,camperbot,https://github.com/freeCodeCamp/freeCodeCamp/pull/45741
45734,3h 44m,224,0,0,0,0,2022-04-20T12:29:23Z,2022-04-20T16:44:57Z,4h 15m 34s,camperbot,https://github.com/freeCodeCamp/freeCodeCamp/pull/45734
45727,1h 10m 41s,70,0,0,0,0,2022-04-19T18:21:21Z,2022-04-21T04:54:02Z,1d 10h 32m 41s,jeremylt,https://github.com/freeCodeCamp/freeCodeCamp/pull/45727
45724,1h 44m,104,0,0,0,0,2022-04-19T12:29:22Z,2022-04-19T14:44:21Z,2h 14m 59s,camperbot,https://github.com/freeCodeCamp/freeCodeCamp/pull/45724
45723,2h 27m,147,0,0,0,0,2022-04-19T11:34:42Z,2022-04-19T15:27:20Z,3h 52m 38s,ojeytonwilliams,https://github.com/freeCodeCamp/freeCodeCamp/pull/45723
45722,2h 6m,126,1,0,0,1,2022-04-19T11:19:42Z,2022-04-19T15:06:33Z,3h 46m 51s,ojeytonwilliams,https://github.com/freeCodeCamp/freeCodeCamp/pull/45722
45714,6m 11s,6,0,0,0,0,2022-04-18T14:26:48Z,2022-04-18T14:36:31Z,9m 43s,ieahleen,https://github.com/freeCodeCamp/freeCodeCamp/pull/45714
45713,1h 51m 58s,111,0,1,0,1,2022-04-18T14:11:20Z,2022-04-18T16:03:44Z,1h 52m 24s,matheuspor,https://github.com/freeCodeCamp/freeCodeCamp/pull/45713
45711,1h 48m,108,0,0,0,0,2022-04-18T12:54:51Z,2022-04-19T14:48:03Z,1d 1h 53m 12s,camperbot,https://github.com/freeCodeCamp/freeCodeCamp/pull/45711
45710,58m,58,0,0,0,0,2022-04-18T12:23:51Z,2022-04-18T13:58:21Z,1h 34m 30s,camperbot,https://github.com/freeCodeCamp/freeCodeCamp/pull/45710
45708,2h 43m,163,1,0,1,2,2022-04-18T12:09:22Z,2022-04-20T07:27:52Z,1d 19h 18m 30s,camperbot,https://github.com/freeCodeCamp/freeCodeCamp/pull/45708
45685,2h 14m,134,0,0,0,0,2022-04-15T12:08:16Z,2022-04-15T19:14:53Z,7h 6m 37s,camperbot,https://github.com/freeCodeCamp/freeCodeCamp/pull/45685
45682,2h 17m,137,0,0,0,0,2022-04-14T12:55:13Z,2022-04-15T17:16:36Z,1d 4h 21m 23s,camperbot,https://github.com/freeCodeCamp/freeCodeCamp/pull/45682
45681,2h 17m,137,0,0,0,0,2022-04-14T12:24:01Z,2022-04-15T17:14:15Z,1d 4h 50m 14s,camperbot,https://github.com/freeCodeCamp/freeCodeCamp/pull/45681
45679,35m,35,0,0,0,0,2022-04-13T12:57:16Z,2022-04-13T14:42:58Z,1h 45m 42s,camperbot,https://github.com/freeCodeCamp/freeCodeCamp/pull/45679
45678,1h 23m,83,0,0,0,0,2022-04-13T12:08:44Z,2022-04-13T14:44:06Z,2h 35m 22s,camperbot,https://github.com/freeCodeCamp/freeCodeCamp/pull/45678
45677,0s,0,0,1,0,1,2022-04-13T02:20:49Z,2022-04-13T05:05:14Z,2h 44m 25s,yuanhepeng,https://github.com/freeCodeCamp/freeCodeCamp/pull/45677
45673,4h 32m,272,0,2,1,3,2022-04-12T03:27:09Z,2022-04-15T14:36:24Z,3d 11h 9m 15s,RafaelDavisH,https://github.com/freeCodeCamp/freeCodeCamp/pull/45673
45672,1h 1m,61,0,1,0,1,2022-04-11T21:25:41Z,2022-04-13T15:26:16Z,1d 18h 0m 35s,moT01,https://github.com/freeCodeCamp/freeCodeCamp/pull/45672
45646,2h 43m,163,0,0,0,0,2022-04-08T12:58:23Z,2022-04-09T10:00:01Z,21h 1m 38s,camperbot,https://github.com/freeCodeCamp/freeCodeCamp/pull/45646
45645,2h 41m,161,0,0,0,0,2022-04-08T12:42:06Z,2022-04-08T17:57:57Z,5h 15m 51s,ojeytonwilliams,https://github.com/freeCodeCamp/freeCodeCamp/pull/45645
45644,2h 45m,165,0,0,0,0,2022-04-08T12:28:30Z,2022-04-09T10:01:11Z,21h 32m 41s,camperbot,https://github.com/freeCodeCamp/freeCodeCamp/pull/45644
45641,3h 7m 41s,187,0,0,0,0,2022-04-07T14:42:55Z,2022-04-09T10:27:50Z,1d 19h 44m 55s,JuumanBeing,https://github.com/freeCodeCamp/freeCodeCamp/pull/45641
45639,3h 56m,236,0,0,0,0,2022-04-07T12:24:54Z,2022-04-07T16:56:53Z,4h 31m 59s,camperbot,https://github.com/freeCodeCamp/freeCodeCamp/pull/45639
45638,8h,480,0,1,0,1,2022-04-07T12:07:15Z,2022-04-08T07:08:34Z,19h 1m 19s,ahmadabdolsaheb,https://github.com/freeCodeCamp/freeCodeCamp/pull/45638
45635,1d 18h 44m,2564,1,0,0,1,2022-04-06T13:27:18Z,2022-04-15T14:17:49Z,9d 0h 50m 31s,ojeytonwilliams,https://github.com/freeCodeCamp/freeCodeCamp/pull/45635
45633,4h 13m,253,0,0,0,0,2022-04-06T12:59:20Z,2022-04-07T09:26:53Z,20h 27m 33s,camperbot,https://github.com/freeCodeCamp/freeCodeCamp/pull/45633
45632,4h 13m,253,0,0,0,0,2022-04-06T12:28:26Z,2022-04-07T09:28:03Z,20h 59m 37s,camperbot,https://github.com/freeCodeCamp/freeCodeCamp/pull/45632
45626,4h 48m,288,0,0,0,0,2022-04-05T12:58:04Z,2022-04-05T18:07:00Z,5h 8m 56s,camperbot,https://github.com/freeCodeCamp/freeCodeCamp/pull/45626
45603,19m 2s,19,0,0,0,0,2022-04-01T20:59:55Z,2022-04-04T13:27:38Z,2d 16h 27m 43s,bbsmooth,https://github.com/freeCodeCamp/freeCodeCamp/pull/45603
45602,3d 9h 12m,4872,0,1,0,1,2022-04-01T17:20:17Z,2022-04-15T15:13:42Z,13d 21h 53m 25s,archibongn1,https://github.com/freeCodeCamp/freeCodeCamp/pull/45602
45601,3h 21m 50s,201,0,0,0,0,2022-04-01T15:36:26Z,2022-04-02T09:58:12Z,18h 21m 46s,sjkadali,https://github.com/freeCodeCamp/freeCodeCamp/pull/45601
45599,5h 4m,304,0,0,0,0,2022-04-01T13:21:14Z,2022-04-02T08:46:30Z,19h 25m 16s,camperbot,https://github.com/freeCodeCamp/freeCodeCamp/pull/45599
45598,5h,300,0,0,0,0,2022-04-01T12:55:48Z,2022-04-01T18:01:55Z,5h 6m 7s,camperbot,https://github.com/freeCodeCamp/freeCodeCamp/pull/45598
45597,5h 28m,328,0,0,0,0,2022-04-01T12:45:51Z,2022-04-02T08:44:01Z,19h 58m 10s,camperbot,https://github.com/freeCodeCamp/freeCodeCamp/pull/45597
45586,1h 37m,97,1,0,1,2,2022-04-05T12:12:59Z,2022-04-08T10:55:45Z,2d 22h 42m 46s,alevanni,https://github.com/freeCodeCamp/freeCodeCamp/pull/45586
45583,2h 30m 9s,150,0,0,0,0,2022-03-31T13:18:17Z,2022-03-31T17:02:00Z,3h 43m 43s,camperbot,https://github.com/freeCodeCamp/freeCodeCamp/pull/45583
45582,2h 51m,171,0,0,0,0,2022-03-31T12:46:42Z,2022-03-31T16:57:38Z,4h 10m 56s,camperbot,https://github.com/freeCodeCamp/freeCodeCamp/pull/45582
45581,53m,53,1,0,1,2,2022-03-31T08:26:12Z,2022-04-05T13:59:47Z,5d 5h 33m 35s,raditotev,https://github.com/freeCodeCamp/freeCodeCamp/pull/45581
45577,10m 45s,10,0,0,0,0,2022-03-30T17:31:10Z,2022-03-30T18:19:12Z,48m 2s,karenjoycelowe,https://github.com/freeCodeCamp/freeCodeCamp/pull/45577
45576,21m 51s,21,0,0,0,0,2022-03-30T17:18:49Z,2022-03-30T18:45:20Z,1h 26m 31s,sprajams,https://github.com/freeCodeCamp/freeCodeCamp/pull/45576
45574,42m 55s,42,0,0,0,0,2022-03-30T13:16:23Z,2022-03-30T13:59:31Z,43m 8s,camperbot,https://github.com/freeCodeCamp/freeCodeCamp/pull/45574
45573,58m,58,0,0,0,0,2022-03-30T12:56:32Z,2022-03-30T13:58:34Z,1h 2m 2s,camperbot,https://github.com/freeCodeCamp/freeCodeCamp/pull/45573
45566,43m 29s,43,0,0,0,0,2022-03-29T13:18:10Z,2022-03-29T14:01:40Z,43m 30s,camperbot,https://github.com/freeCodeCamp/freeCodeCamp/pull/45566
45565,1h 1m,61,0,0,0,0,2022-03-29T12:46:49Z,2022-03-29T14:01:21Z,1h 14m 32s,camperbot,https://github.com/freeCodeCamp/freeCodeCamp/pull/45565
45558,4h 54m 21s,294,0,0,0,0,2022-03-28T15:00:53Z,2022-03-28T19:55:15Z,4h 54m 22s,ojeytonwilliams,https://github.com/freeCodeCamp/freeCodeCamp/pull/45558
45555,6h 58m 30s,418,0,0,0,0,2022-03-28T13:03:02Z,2022-03-28T20:14:21Z,7h 11m 19s,camperbot,https://github.com/freeCodeCamp/freeCodeCamp/pull/45555
45554,7h 6m,426,0,0,0,0,2022-03-28T12:12:50Z,2022-03-28T20:06:57Z,7h 54m 7s,camperbot,https://github.com/freeCodeCamp/freeCodeCamp/pull/45554
45530,9d 0h 42m,13002,2,3,2,7,2022-04-18T06:22:00Z,2022-06-03T16:57:53Z,46d 10h 35m 53s,raditotev,https://github.com/freeCodeCamp/freeCodeCamp/pull/45530
45520,40m,40,0,0,0,0,2022-03-24T12:52:29Z,2022-03-24T14:17:10Z,1h 24m 41s,camperbot,https://github.com/freeCodeCamp/freeCodeCamp/pull/45520
45519,40m,40,0,0,0,0,2022-03-24T12:23:45Z,2022-03-24T21:40:33Z,9h 16m 48s,camperbot,https://github.com/freeCodeCamp/freeCodeCamp/pull/45519
45518,38m,38,0,0,0,0,2022-03-24T12:13:21Z,2022-03-24T14:17:57Z,2h 4m 36s,camperbot,https://github.com/freeCodeCamp/freeCodeCamp/pull/45518
45514,30m,30,0,0,0,0,2022-03-23T12:24:01Z,2022-03-23T13:30:55Z,1h 6m 54s,camperbot,https://github.com/freeCodeCamp/freeCodeCamp/pull/45514
45513,29m,29,0,0,0,0,2022-03-23T12:13:12Z,2022-03-23T13:29:18Z,1h 16m 6s,camperbot,https://github.com/freeCodeCamp/freeCodeCamp/pull/45513
45509,35m,35,0,0,0,0,2022-03-22T22:28:58Z,2022-03-23T14:21:23Z,15h 52m 25s,lem0n4id,https://github.com/freeCodeCamp/freeCodeCamp/pull/45509
45508,12h 22m,742,0,0,0,0,2022-03-22T21:52:13Z,2022-03-28T14:21:59Z,5d 16h 29m 46s,raisedadead,https://github.com/freeCodeCamp/freeCodeCamp/pull/45508
45504,8h 32m,512,0,0,0,0,2022-03-22T13:07:03Z,2022-03-23T14:22:04Z,1d 1h 15m 1s,camperbot,https://github.com/freeCodeCamp/freeCodeCamp/pull/45504
45503,1h 36m,96,0,0,0,0,2022-03-22T12:24:17Z,2022-03-23T03:44:13Z,15h 19m 56s,camperbot,https://github.com/freeCodeCamp/freeCodeCamp/pull/45503
45502,1h 32m,92,0,0,0,0,2022-03-22T12:08:28Z,2022-03-23T03:42:55Z,15h 34m 27s,camperbot,https://github.com/freeCodeCamp/freeCodeCamp/pull/45502
45493,1h 10m 48s,70,0,0,0,0,2022-03-21T13:00:07Z,2022-03-21T16:55:58Z,3h 55m 51s,camperbot,https://github.com/freeCodeCamp/freeCodeCamp/pull/45493
45492,1d 10h 35m,2075,0,1,0,1,2022-03-21T12:34:11Z,2022-03-29T15:36:14Z,8d 3h 2m 3s,raditotev,https://github.com/freeCodeCamp/freeCodeCamp/pull/45492
45491,1h 5m,65,0,0,0,0,2022-03-21T12:33:01Z,2022-03-21T14:05:26Z,1h 32m 25s,renovate[bot],https://github.com/freeCodeCamp/freeCodeCamp/pull/45491
45489,1h 9m,69,0,0,0,0,2022-03-21T12:13:15Z,2022-03-21T14:09:19Z,1h 56m 4s,camperbot,https://github.com/freeCodeCamp/freeCodeCamp/pull/45489
45483,6h 7m,367,0,1,0,1,2022-03-20T12:34:40Z,2022-03-22T19:07:30Z,2d 6h 32m 50s,freeZe2511,https://github.com/freeCodeCamp/freeCodeCamp/pull/45483
45460,17m 47s,17,0,0,0,0,2022-03-18T16:31:36Z,2022-03-18T17:28:43Z,57m 7s,anjiqbal,https://github.com/freeCodeCamp/freeCodeCamp/pull/45460
45458,3h 28m,208,0,0,0,0,2022-03-18T12:11:28Z,2022-03-18T16:28:30Z,4h 17m 2s,camperbot,https://github.com/freeCodeCamp/freeCodeCamp/pull/45458
45457,3h 51m,231,0,0,0,0,2022-03-18T12:10:31Z,2022-03-18T17:42:04Z,5h 31m 33s,raditotev,https://github.com/freeCodeCamp/freeCodeCamp/pull/45457
45454,2h 39m,159,0,0,0,0,2022-03-17T12:55:34Z,2022-03-18T07:24:52Z,18h 29m 18s,camperbot,https://github.com/freeCodeCamp/freeCodeCamp/pull/45454
45453,2h 30m,150,0,0,0,0,2022-03-17T12:24:01Z,2022-03-18T07:23:48Z,18h 59m 47s,camperbot,https://github.com/freeCodeCamp/freeCodeCamp/pull/45453
45452,2h 26m,146,0,0,0,0,2022-03-17T12:10:03Z,2022-03-18T07:22:52Z,19h 12m 49s,camperbot,https://github.com/freeCodeCamp/freeCodeCamp/pull/45452
45446,6h 49m,409,0,0,0,0,2022-03-16T21:22:02Z,2022-03-17T20:13:16Z,22h 51m 14s,jmirfield,https://github.com/freeCodeCamp/freeCodeCamp/pull/45446
45445,4h 5m,245,0,0,0,0,2022-03-16T12:52:40Z,2022-03-16T20:09:26Z,7h 16m 46s,camperbot,https://github.com/freeCodeCamp/freeCodeCamp/pull/45445
45444,4h 4m,244,0,0,0,0,2022-03-16T12:23:22Z,2022-03-16T17:41:33Z,5h 18m 11s,camperbot,https://github.com/freeCodeCamp/freeCodeCamp/pull/45444
45441,4m 13s,4,0,0,0,0,2022-03-15T18:15:46Z,2022-03-16T12:52:12Z,18h 36m 26s,ojeytonwilliams,https://github.com/freeCodeCamp/freeCodeCamp/pull/45441
45439,3h 9m 52s,189,1,0,1,2,2022-03-15T13:53:08Z,2022-03-16T14:14:38Z,1d 0h 21m 30s,moT01,https://github.com/freeCodeCamp/freeCodeCamp/pull/45439
45438,4h,240,0,0,0,0,2022-03-15T12:51:59Z,2022-03-15T17:03:53Z,4h 11m 54s,camperbot,https://github.com/freeCodeCamp/freeCodeCamp/pull/45438
45437,4h,240,0,0,0,0,2022-03-15T12:23:33Z,2022-03-15T17:05:33Z,4h 42m,camperbot,https://github.com/freeCodeCamp/freeCodeCamp/pull/45437
45436,4h 2m,242,0,0,0,0,2022-03-15T12:08:39Z,2022-03-15T17:02:38Z,4h 53m 59s,camperbot,https://github.com/freeCodeCamp/freeCodeCamp/pull/45436
45435,8h,480,0,0,0,0,2022-03-15T12:03:57Z,2022-03-15T22:11:31Z,10h 7m 34s,ahmadabdolsaheb,https://github.com/freeCodeCamp/freeCodeCamp/pull/45435
45432,2h 7m,127,0,0,0,0,2022-03-14T12:56:39Z,2022-03-14T17:16:48Z,4h 20m 9s,camperbot,https://github.com/freeCodeCamp/freeCodeCamp/pull/45432
45431,59m,59,0,0,0,0,2022-03-14T12:23:32Z,2022-03-14T17:04:31Z,4h 40m 59s,camperbot,https://github.com/freeCodeCamp/freeCodeCamp/pull/45431
45430,1h 5m,65,0,0,0,0,2022-03-14T12:13:19Z,2022-03-14T17:03:46Z,4h 50m 27s,camperbot,https://github.com/freeCodeCamp/freeCodeCamp/pull/45430
45429,4h 10m,250,0,0,0,0,2022-03-14T12:26:45Z,2022-03-15T08:41:43Z,20h 14m 58s,moT01,https://github.com/freeCodeCamp/freeCodeCamp/pull/45429
45414,3h 22m,202,0,0,0,0,2022-03-11T12:53:40Z,2022-03-11T17:22:41Z,4h 29m 1s,camperbot,https://github.com/freeCodeCamp/freeCodeCamp/pull/45414
45413,3h 49m,229,0,0,0,0,2022-03-11T12:23:33Z,2022-03-11T17:49:19Z,5h 25m 46s,camperbot,https://github.com/freeCodeCamp/freeCodeCamp/pull/45413
45412,3h 48m,228,0,0,0,0,2022-03-11T12:10:06Z,2022-03-11T18:00:51Z,5h 50m 45s,camperbot,https://github.com/freeCodeCamp/freeCodeCamp/pull/45412
45407,1h 4m 52s,64,0,0,0,0,2022-03-10T15:24:57Z,2022-03-10T20:41:33Z,5h 16m 36s,ojeytonwilliams,https://github.com/freeCodeCamp/freeCodeCamp/pull/45407
45406,1h 28m 25s,88,0,0,0,0,2022-04-01T17:22:20Z,2022-04-04T12:32:43Z,2d 19h 10m 23s,moT01,https://github.com/freeCodeCamp/freeCodeCamp/pull/45406
45402,1h 49m 31s,109,0,0,0,0,2022-03-10T14:58:24Z,2022-03-11T05:23:33Z,14h 25m 9s,ieahleen,https://github.com/freeCodeCamp/freeCodeCamp/pull/45402
45401,4h 9m,249,0,0,0,0,2022-03-10T09:32:03Z,2022-03-10T18:09:07Z,8h 37m 4s,ojeytonwilliams,https://github.com/freeCodeCamp/freeCodeCamp/pull/45401
45398,14h 5m,845,0,0,1,1,2022-03-09T19:11:26Z,2022-03-14T15:54:44Z,4d 20h 43m 18s,ShaunSHamilton,https://github.com/freeCodeCamp/freeCodeCamp/pull/45398
45395,1h 29m,89,0,0,0,0,2022-03-09T12:54:58Z,2022-03-09T15:29:59Z,2h 35m 1s,camperbot,https://github.com/freeCodeCamp/freeCodeCamp/pull/45395
45392,1h 31m,91,0,0,0,0,2022-03-09T12:08:20Z,2022-03-09T15:31:10Z,3h 22m 50s,camperbot,https://github.com/freeCodeCamp/freeCodeCamp/pull/45392
45386,15m 22s,15,0,0,0,0,2022-03-08T17:36:18Z,2022-03-09T08:56:09Z,15h 19m 51s,ShaunSHamilton,https://github.com/freeCodeCamp/freeCodeCamp/pull/45386
45385,1d 0h 9m,1449,0,2,0,2,2022-03-09T02:11:26Z,2022-03-11T21:58:23Z,2d 19h 46m 57s,moT01,https://github.com/freeCodeCamp/freeCodeCamp/pull/45385
45383,46m,46,0,0,0,0,2022-03-08T12:23:40Z,2022-03-08T15:08:35Z,2h 44m 55s,camperbot,https://github.com/freeCodeCamp/freeCodeCamp/pull/45383
45353,0s,0,0,0,0,0,2022-03-05T16:01:35Z,2022-03-05T17:36:03Z,1h 34m 28s,raisedadead,https://github.com/freeCodeCamp/freeCodeCamp/pull/45353
45346,1d 12h 11m,2171,1,0,0,1,2022-03-04T13:53:15Z,2022-03-15T09:31:20Z,10d 19h 38m 5s,ahmadabdolsaheb,https://github.com/freeCodeCamp/freeCodeCamp/pull/45346
45344,6m,6,0,0,0,0,2022-03-04T12:25:26Z,2022-03-04T14:17:07Z,1h 51m 41s,camperbot,https://github.com/freeCodeCamp/freeCodeCamp/pull/45344
45343,7m,7,0,0,0,0,2022-03-04T12:04:44Z,2022-03-05T05:26:45Z,17h 22m 1s,camperbot,https://github.com/freeCodeCamp/freeCodeCamp/pull/45343
45333,1m,1,0,1,1,2,2022-03-03T12:59:59Z,2022-03-04T14:16:29Z,1d 1h 16m 30s,camperbot,https://github.com/freeCodeCamp/freeCodeCamp/pull/45333
45331,4h 55m,295,0,0,0,0,2022-03-03T12:10:33Z,2022-03-03T18:55:51Z,6h 45m 18s,camperbot,https://github.com/freeCodeCamp/freeCodeCamp/pull/45331
45292,2h 52m 21s,172,0,1,0,1,2022-02-28T16:59:04Z,2022-03-01T13:45:26Z,20h 46m 22s,raisedadead,https://github.com/freeCodeCamp/freeCodeCamp/pull/45292
45287,2h 45m,165,0,0,0,0,2022-02-28T13:04:11Z,2022-02-28T19:22:39Z,6h 18m 28s,camperbot,https://github.com/freeCodeCamp/freeCodeCamp/pull/45287
45286,2h 46m,166,0,0,0,0,2022-02-28T12:25:29Z,2022-02-28T16:46:04Z,4h 20m 35s,camperbot,https://github.com/freeCodeCamp/freeCodeCamp/pull/45286
45278,0s,0,0,1,0,1,2022-02-27T16:10:09Z,2022-02-28T05:25:45Z,13h 15m 36s,HenMoshe,https://github.com/freeCodeCamp/freeCodeCamp/pull/45278
45276,0s,0,0,0,0,0,2022-02-27T12:25:19Z,2022-02-28T08:02:35Z,19h 37m 16s,camperbot,https://github.com/freeCodeCamp/freeCodeCamp/pull/45276
45271,0s,0,0,0,0,0,2022-02-26T12:49:02Z,2022-02-28T07:59:22Z,1d 19h 10m 20s,camperbot,https://github.com/freeCodeCamp/freeCodeCamp/pull/45271
45260,0s,0,0,0,0,0,2022-02-26T02:54:30Z,2022-02-26T04:35:40Z,1h 41m 10s,karenjoycelowe,https://github.com/freeCodeCamp/freeCodeCamp/pull/45260
45253,3h 30m,210,0,0,0,0,2022-02-25T09:59:05Z,2022-02-25T17:30:35Z,7h 31m 30s,ojeytonwilliams,https://github.com/freeCodeCamp/freeCodeCamp/pull/45253
45235,3m,3,0,0,0,0,2022-02-24T12:55:04Z,2022-02-24T18:41:18Z,5h 46m 14s,camperbot,https://github.com/freeCodeCamp/freeCodeCamp/pull/45235
45234,2m,2,0,0,0,0,2022-02-24T12:26:01Z,2022-02-24T18:18:05Z,5h 52m 4s,camperbot,https://github.com/freeCodeCamp/freeCodeCamp/pull/45234
45230,52m 59s,52,0,1,0,1,2022-02-23T20:02:11Z,2022-02-24T08:23:30Z,12h 21m 19s,raisedadead,https://github.com/freeCodeCamp/freeCodeCamp/pull/45230
45228,17m 17s,17,0,1,0,1,2022-02-23T19:27:26Z,2022-02-24T11:26:44Z,15h 59m 18s,raisedadead,https://github.com/freeCodeCamp/freeCodeCamp/pull/45228
45226,1m 14s,1,0,0,0,0,2022-02-23T15:23:23Z,2022-02-23T15:42:30Z,19m 7s,moT01,https://github.com/freeCodeCamp/freeCodeCamp/pull/45226
45224,3h 9m 10s,189,7,0,1,8,2022-02-23T14:01:33Z,2022-02-23T17:58:43Z,3h 57m 10s,HenMoshe,https://github.com/freeCodeCamp/freeCodeCamp/pull/45224
45213,1h 21m,81,0,0,0,0,2022-02-22T12:26:02Z,2022-02-22T15:25:27Z,2h 59m 25s,camperbot,https://github.com/freeCodeCamp/freeCodeCamp/pull/45213
45212,1h 20m,80,0,0,0,0,2022-02-22T12:05:18Z,2022-02-22T15:25:51Z,3h 20m 33s,camperbot,https://github.com/freeCodeCamp/freeCodeCamp/pull/45212
45204,2h 27m,147,0,0,0,0,2022-02-21T12:04:29Z,2022-02-21T17:00:13Z,4h 55m 44s,camperbot,https://github.com/freeCodeCamp/freeCodeCamp/pull/45204
45197,0s,0,0,0,0,0,2022-02-20T12:46:56Z,2022-02-20T15:36:06Z,2h 49m 10s,camperbot,https://github.com/freeCodeCamp/freeCodeCamp/pull/45197
45196,0s,0,0,0,0,0,2022-02-20T12:25:13Z,2022-02-20T15:36:26Z,3h 11m 13s,camperbot,https://github.com/freeCodeCamp/freeCodeCamp/pull/45196
45168,3h,180,0,0,0,0,2022-02-18T19:48:49Z,2022-02-20T14:05:53Z,1d 18h 17m 4s,poonkuzhali,https://github.com/freeCodeCamp/freeCodeCamp/pull/45168
45166,1h 9m 47s,69,0,0,0,0,2022-02-18T14:23:20Z,2022-02-18T23:02:41Z,8h 39m 21s,ojeytonwilliams,https://github.com/freeCodeCamp/freeCodeCamp/pull/45166
45165,7m,7,0,0,0,0,2022-02-18T12:50:36Z,2022-02-19T07:26:08Z,18h 35m 32s,camperbot,https://github.com/freeCodeCamp/freeCodeCamp/pull/45165
45164,4m,4,0,0,0,0,2022-02-18T12:25:21Z,2022-02-19T07:23:48Z,18h 58m 27s,camperbot,https://github.com/freeCodeCamp/freeCodeCamp/pull/45164
45163,0s,0,0,0,0,0,2022-02-18T11:15:02Z,2022-02-18T12:43:18Z,1h 28m 16s,raisedadead,https://github.com/freeCodeCamp/freeCodeCamp/pull/45163
45155,2h 40m 31s,160,0,1,0,1,2022-02-17T19:04:52Z,2022-02-18T09:52:15Z,14h 47m 23s,ShaunSHamilton,https://github.com/freeCodeCamp/freeCodeCamp/pull/45155
45151,4h 59m,299,0,0,0,0,2022-02-17T12:50:03Z,2022-02-17T18:59:34Z,6h 9m 31s,camperbot,https://github.com/freeCodeCamp/freeCodeCamp/pull/45151
45149,5h 6m,306,0,1,0,1,2022-02-17T06:46:41Z,2022-02-17T19:35:17Z,12h 48m 36s,Jagrutiti,https://github.com/freeCodeCamp/freeCodeCamp/pull/45149
45142,4h 13m,253,0,0,0,0,2022-02-16T12:56:44Z,2022-02-22T12:38:35Z,5d 23h 41m 51s,ahmadabdolsaheb,https://github.com/freeCodeCamp/freeCodeCamp/pull/45142
45139,7h 48m,468,0,0,0,0,2022-02-16T09:45:25Z,2022-02-16T21:48:23Z,12h 2m 58s,ojeytonwilliams,https://github.com/freeCodeCamp/freeCodeCamp/pull/45139
45134,14h 31m,871,1,0,1,2,2022-02-15T21:16:17Z,2022-02-17T19:15:11Z,1d 21h 58m 54s,wbenarto,https://github.com/freeCodeCamp/freeCodeCamp/pull/45134
45122,2h 4m,124,0,0,0,0,2022-02-15T12:25:17Z,2022-02-15T16:04:07Z,3h 38m 50s,camperbot,https://github.com/freeCodeCamp/freeCodeCamp/pull/45122
45118,4h 15m,255,0,0,0,0,2022-02-15T08:07:48Z,2022-02-16T19:14:13Z,1d 11h 6m 25s,ls-madhu,https://github.com/freeCodeCamp/freeCodeCamp/pull/45118
45109,2h 50m,170,0,0,0,0,2022-02-14T12:52:02Z,2022-02-14T16:50:30Z,3h 58m 28s,camperbot,https://github.com/freeCodeCamp/freeCodeCamp/pull/45109
45108,1h 51m,111,0,0,0,0,2022-02-14T12:25:17Z,2022-02-14T15:51:42Z,3h 26m 25s,camperbot,https://github.com/freeCodeCamp/freeCodeCamp/pull/45108
45104,18h 16m,1096,0,3,0,3,2022-02-18T10:51:40Z,2022-02-24T16:16:48Z,6d 5h 25m 8s,Ismailtlem,https://github.com/freeCodeCamp/freeCodeCamp/pull/45104
45100,1d 12h 21m,2181,0,1,0,1,2022-02-12T17:03:40Z,2022-02-18T18:09:51Z,6d 1h 6m 11s,poonkuzhali,https://github.com/freeCodeCamp/freeCodeCamp/pull/45100
45094,0s,0,0,0,0,0,2022-02-12T12:04:29Z,2022-02-13T03:41:07Z,15h 36m 38s,camperbot,https://github.com/freeCodeCamp/freeCodeCamp/pull/45094
45090,25m 56s,25,0,1,0,1,2022-02-11T20:16:43Z,2022-02-13T23:12:04Z,2d 2h 55m 21s,gikf,https://github.com/freeCodeCamp/freeCodeCamp/pull/45090
45086,6h 34m 49s,394,1,0,1,2,2022-02-11T14:09:04Z,2022-02-11T20:44:07Z,6h 35m 3s,ojeytonwilliams,https://github.com/freeCodeCamp/freeCodeCamp/pull/45086
45084,0s,0,0,0,0,0,2022-02-11T12:48:07Z,2022-02-12T15:31:07Z,1d 2h 43m,camperbot,https://github.com/freeCodeCamp/freeCodeCamp/pull/45084
45083,0s,0,0,0,0,0,2022-02-11T12:25:09Z,2022-02-13T03:44:51Z,1d 15h 19m 42s,camperbot,https://github.com/freeCodeCamp/freeCodeCamp/pull/45083
45082,4h 28m,268,0,0,0,0,2022-02-11T11:30:56Z,2022-02-11T18:28:14Z,6h 57m 18s,ojeytonwilliams,https://github.com/freeCodeCamp/freeCodeCamp/pull/45082
45079,1m 19s,1,0,0,0,0,2022-02-10T20:54:35Z,2022-02-11T09:17:27Z,12h 22m 52s,camperbot,https://github.com/freeCodeCamp/freeCodeCamp/pull/45079
45077,33m 19s,33,0,0,0,0,2022-02-10T19:48:03Z,2022-02-10T20:38:04Z,50m 1s,gikf,https://github.com/freeCodeCamp/freeCodeCamp/pull/45077
45076,2h 19m 37s,139,0,0,0,0,2022-02-10T19:26:39Z,2022-02-10T23:17:07Z,3h 50m 28s,poonkuzhali,https://github.com/freeCodeCamp/freeCodeCamp/pull/45076
45068,4h 7m,247,0,0,0,0,2022-02-10T12:52:32Z,2022-02-10T18:07:28Z,5h 14m 56s,camperbot,https://github.com/freeCodeCamp/freeCodeCamp/pull/45068
45067,4h 7m,247,0,0,0,0,2022-02-10T12:25:53Z,2022-02-10T18:07:53Z,5h 42m,camperbot,https://github.com/freeCodeCamp/freeCodeCamp/pull/45067
45066,4h 11m,251,0,0,0,0,2022-02-10T12:04:13Z,2022-02-10T18:11:04Z,6h 6m 51s,camperbot,https://github.com/freeCodeCamp/freeCodeCamp/pull/45066
45063,8h,480,0,0,0,0,2022-02-10T08:56:46Z,2022-02-11T00:58:28Z,16h 1m 42s,MattDClarke,https://github.com/freeCodeCamp/freeCodeCamp/pull/45063
45052,1h 58m,118,0,0,0,0,2022-02-08T12:05:26Z,2022-02-08T18:58:46Z,6h 53m 20s,camperbot,https://github.com/freeCodeCamp/freeCodeCamp/pull/45052
45051,3h 48m,228,0,1,0,1,2022-02-08T11:44:16Z,2022-02-10T17:57:50Z,2d 6h 13m 34s,ojeytonwilliams,https://github.com/freeCodeCamp/freeCodeCamp/pull/45051
45043,9h 41m,581,0,0,0,0,2022-02-07T14:10:23Z,2022-02-08T15:41:16Z,1d 1h 30m 53s,ahmadabdolsaheb,https://github.com/freeCodeCamp/freeCodeCamp/pull/45043
45039,1d 9h 20m,2000,0,1,0,1,2022-02-07T01:40:49Z,2022-02-11T01:02:26Z,3d 23h 21m 37s,bbsmooth,https://github.com/freeCodeCamp/freeCodeCamp/pull/45039
45033,0s,0,0,0,0,0,2022-02-06T12:04:49Z,2022-02-07T13:53:40Z,1d 1h 48m 51s,camperbot,https://github.com/freeCodeCamp/freeCodeCamp/pull/45033
45032,1d 8h,1920,0,0,0,0,2022-02-06T07:22:55Z,2022-02-12T00:00:37Z,5d 16h 37m 42s,bbsmooth,https://github.com/freeCodeCamp/freeCodeCamp/pull/45032
45027,0s,0,0,0,0,0,2022-02-05T12:50:07Z,2022-02-05T17:00:51Z,4h 10m 44s,camperbot,https://github.com/freeCodeCamp/freeCodeCamp/pull/45027
45026,2d 19h 6m,4026,0,0,0,0,2022-02-05T12:47:37Z,2022-02-24T11:19:00Z,18d 22h 31m 23s,c-ehrlich,https://github.com/freeCodeCamp/freeCodeCamp/pull/45026
45025,0s,0,0,0,0,0,2022-02-05T12:28:17Z,2022-02-05T16:59:51Z,4h 31m 34s,camperbot,https://github.com/freeCodeCamp/freeCodeCamp/pull/45025
45024,0s,0,1,0,0,1,2022-02-05T12:05:26Z,2022-02-05T17:05:12Z,4h 59m 46s,camperbot,https://github.com/freeCodeCamp/freeCodeCamp/pull/45024
45021,2d 7h 12m,3312,0,1,0,1,2022-02-04T22:39:53Z,2022-02-15T18:44:18Z,10d 20h 4m 25s,bbsmooth,https://github.com/freeCodeCamp/freeCodeCamp/pull/45021
45018,2d 1h 32m,2972,2,1,2,5,2022-02-04T15:38:20Z,2022-02-12T00:01:40Z,7d 8h 23m 20s,huyenltnguyen,https://github.com/freeCodeCamp/freeCodeCamp/pull/45018
45001,5h 16m,316,0,0,0,0,2022-02-02T12:51:34Z,2022-02-03T19:16:32Z,1d 6h 24m 58s,camperbot,https://github.com/freeCodeCamp/freeCodeCamp/pull/45001
44993,7h 6m 57s,426,0,0,0,0,2022-02-01T14:25:50Z,2022-02-02T02:06:25Z,11h 40m 35s,MattDClarke,https://github.com/freeCodeCamp/freeCodeCamp/pull/44993
44991,40m,40,0,0,0,0,2022-02-01T12:48:31Z,2022-02-01T20:32:53Z,7h 44m 22s,camperbot,https://github.com/freeCodeCamp/freeCodeCamp/pull/44991
44990,7h 36m,456,0,0,0,0,2022-02-01T11:35:40Z,2022-02-01T21:36:04Z,10h 0m 24s,huyenltnguyen,https://github.com/freeCodeCamp/freeCodeCamp/pull/44990
44985,5h 11m,311,0,0,0,0,2022-02-01T07:07:06Z,2022-02-01T19:12:07Z,12h 5m 1s,sidemt,https://github.com/freeCodeCamp/freeCodeCamp/pull/44985
44984,2d 16h 30m,3870,0,1,0,1,2022-02-01T04:05:58Z,2022-02-11T00:43:24Z,9d 20h 37m 26s,sstonaker,https://github.com/freeCodeCamp/freeCodeCamp/pull/44984
44966,17h 17m,1037,0,1,0,1,2022-01-29T17:49:46Z,2022-02-02T11:53:49Z,3d 18h 4m 3s,Ismailtlem,https://github.com/freeCodeCamp/freeCodeCamp/pull/44966
44965,3h 2m,182,0,0,0,0,2022-01-29T12:47:04Z,2022-01-31T17:13:49Z,2d 4h 26m 45s,camperbot,https://github.com/freeCodeCamp/freeCodeCamp/pull/44965
44964,21h 24m,1284,2,0,1,3,2022-01-29T12:04:01Z,2022-02-03T22:25:42Z,5d 10h 21m 41s,camperbot,https://github.com/freeCodeCamp/freeCodeCamp/pull/44964
44953,4h 39m,279,0,0,0,0,2022-01-28T12:50:03Z,2022-01-28T18:39:25Z,5h 49m 22s,camperbot,https://github.com/freeCodeCamp/freeCodeCamp/pull/44953
44952,4h 38m,278,0,0,0,0,2022-01-28T12:26:24Z,2022-01-28T18:38:49Z,6h 12m 25s,camperbot,https://github.com/freeCodeCamp/freeCodeCamp/pull/44952
44950,4h 36m,276,0,0,0,0,2022-01-28T12:04:56Z,2022-01-28T18:38:19Z,6h 33m 23s,camperbot,https://github.com/freeCodeCamp/freeCodeCamp/pull/44950
44922,3h 59m,239,0,0,0,0,2022-01-26T12:48:33Z,2022-01-26T17:59:36Z,5h 11m 3s,camperbot,https://github.com/freeCodeCamp/freeCodeCamp/pull/44922
44921,14d 2h 51m,20331,0,2,0,2,2022-01-26T10:15:02Z,2022-03-29T15:51:13Z,62d 5h 36m 11s,palashgdev,https://github.com/freeCodeCamp/freeCodeCamp/pull/44921
44918,1h 53m 47s,113,0,0,0,0,2022-01-25T20:03:22Z,2022-01-25T21:57:17Z,1h 53m 55s,gikf,https://github.com/freeCodeCamp/freeCodeCamp/pull/44918
44911,2h 39m 47s,159,0,0,0,0,2022-01-25T16:50:40Z,2022-01-25T20:23:01Z,3h 32m 21s,ojeytonwilliams,https://github.com/freeCodeCamp/freeCodeCamp/pull/44911
44907,43m,43,0,0,0,0,2022-01-25T12:04:32Z,2022-01-25T18:08:20Z,6h 3m 48s,camperbot,https://github.com/freeCodeCamp/freeCodeCamp/pull/44907
44893,8m 44s,8,0,1,0,1,2022-01-24T17:21:44Z,2022-01-25T05:39:41Z,12h 17m 57s,ojeytonwilliams,https://github.com/freeCodeCamp/freeCodeCamp/pull/44893
44850,2h 14m,134,0,0,0,0,2022-01-20T12:30:36Z,2022-01-20T16:14:36Z,3h 44m,camperbot,https://github.com/freeCodeCamp/freeCodeCamp/pull/44850
44847,2h 25m,145,0,0,0,0,2022-01-20T08:48:16Z,2022-01-20T16:25:24Z,7h 37m 8s,ojeytonwilliams,https://github.com/freeCodeCamp/freeCodeCamp/pull/44847
44837,5h 27m 53s,327,0,1,0,1,2022-01-19T14:10:44Z,2022-01-19T22:19:43Z,8h 8m 59s,Palakash27,https://github.com/freeCodeCamp/freeCodeCamp/pull/44837
44833,2h 42m,162,0,0,0,0,2022-01-19T12:05:12Z,2022-01-20T13:22:26Z,1d 1h 17m 14s,ojeytonwilliams,https://github.com/freeCodeCamp/freeCodeCamp/pull/44833
44822,5h,300,0,0,0,0,2022-01-18T17:20:57Z,2022-01-20T04:36:23Z,1d 11h 15m 26s,ojeytonwilliams,https://github.com/freeCodeCamp/freeCodeCamp/pull/44822
44800,8h 56m,536,0,0,0,0,2022-01-16T19:37:02Z,2022-01-24T23:40:52Z,8d 4h 3m 50s,yossirise,https://github.com/freeCodeCamp/freeCodeCamp/pull/44800
44792,0s,0,0,0,0,0,2022-01-15T12:25:30Z,2022-01-15T19:55:17Z,7h 29m 47s,camperbot,https://github.com/freeCodeCamp/freeCodeCamp/pull/44792
44780,2h 31m 6s,151,0,0,0,0,2022-01-14T14:22:15Z,2022-01-14T16:53:35Z,2h 31m 20s,raisedadead,https://github.com/freeCodeCamp/freeCodeCamp/pull/44780
44777,3h 43m,223,0,0,0,0,2022-01-14T12:50:11Z,2022-01-14T17:43:16Z,4h 53m 5s,camperbot,https://github.com/freeCodeCamp/freeCodeCamp/pull/44777
44776,3h 41m,221,0,0,0,0,2022-01-14T12:25:23Z,2022-01-14T17:41:57Z,5h 16m 34s,camperbot,https://github.com/freeCodeCamp/freeCodeCamp/pull/44776
44769,12d 5h 51m,17631,0,1,0,1,2022-01-13T17:43:47Z,2022-03-02T15:12:21Z,47d 21h 28m 34s,ojeytonwilliams,https://github.com/freeCodeCamp/freeCodeCamp/pull/44769
44766,11h 41m,701,0,1,0,1,2022-01-12T16:15:54Z,2022-01-13T19:41:29Z,1d 3h 25m 35s,MattDClarke,https://github.com/freeCodeCamp/freeCodeCamp/pull/44766
44765,39m,39,0,0,0,0,2022-01-12T13:04:15Z,2022-01-12T14:40:05Z,1h 35m 50s,camperbot,https://github.com/freeCodeCamp/freeCodeCamp/pull/44765
44764,6h 51m,411,0,0,0,0,2022-01-12T12:32:24Z,2022-01-13T20:51:55Z,1d 8h 19m 31s,ahmadabdolsaheb,https://github.com/freeCodeCamp/freeCodeCamp/pull/44764
44763,40m,40,0,0,0,0,2022-01-12T12:25:31Z,2022-01-12T14:40:31Z,2h 15m,camperbot,https://github.com/freeCodeCamp/freeCodeCamp/pull/44763
44750,2h 56m,176,0,0,0,0,2022-01-11T12:52:39Z,2022-01-11T16:57:22Z,4h 4m 43s,camperbot,https://github.com/freeCodeCamp/freeCodeCamp/pull/44750
44749,21m,21,1,1,1,3,2022-01-11T12:45:11Z,2022-01-12T14:21:48Z,1d 1h 36m 37s,ahmadabdolsaheb,https://github.com/freeCodeCamp/freeCodeCamp/pull/44749
44738,0s,0,0,0,0,0,2022-01-10T12:04:27Z,2022-01-10T13:05:42Z,1h 1m 15s,camperbot,https://github.com/freeCodeCamp/freeCodeCamp/pull/44738
44728,6h 24m,384,0,0,1,1,2022-01-08T16:14:22Z,2022-01-10T23:57:23Z,2d 7h 43m 1s,thomscoder,https://github.com/freeCodeCamp/freeCodeCamp/pull/44728
44727,0s,0,0,0,0,0,2022-01-08T12:39:58Z,2022-01-09T06:11:19Z,17h 31m 21s,ReubenMenezes,https://github.com/freeCodeCamp/freeCodeCamp/pull/44727
44724,3d 4h 42m,4602,1,0,1,2,2022-01-08T10:27:09Z,2022-01-24T18:42:27Z,16d 8h 15m 18s,ojeytonwilliams,https://github.com/freeCodeCamp/freeCodeCamp/pull/44724
44723,23h 25m,1405,0,1,0,1,2022-01-08T10:08:44Z,2022-01-13T21:25:55Z,5d 11h 17m 11s,ojeytonwilliams,https://github.com/freeCodeCamp/freeCodeCamp/pull/44723
44722,8h 2m,482,0,0,0,0,2022-01-08T09:35:28Z,2022-01-10T22:02:30Z,2d 12h 27m 2s,ojeytonwilliams,https://github.com/freeCodeCamp/freeCodeCamp/pull/44722
44714,6h 55m 41s,415,0,0,0,0,2022-01-07T14:51:27Z,2022-01-08T06:12:17Z,15h 20m 50s,ojeytonwilliams,https://github.com/freeCodeCamp/freeCodeCamp/pull/44714
44712,2h 55m,175,0,0,0,0,2022-01-07T12:52:03Z,2022-01-07T16:55:42Z,4h 3m 39s,camperbot,https://github.com/freeCodeCamp/freeCodeCamp/pull/44712
44711,4h 4m,244,0,0,0,0,2022-01-07T12:33:51Z,2022-01-12T16:03:26Z,5d 3h 29m 35s,ShaunSHamilton,https://github.com/freeCodeCamp/freeCodeCamp/pull/44711
44701,2h 48m 41s,168,1,0,1,2,2022-01-06T18:20:39Z,2022-01-07T07:47:16Z,13h 26m 37s,erictleung,https://github.com/freeCodeCamp/freeCodeCamp/pull/44701
44700,19d 23h 42m,28782,4,0,0,4,2022-01-12T22:54:32Z,2022-03-31T15:34:40Z,77d 16h 40m 8s,moT01,https://github.com/freeCodeCamp/freeCodeCamp/pull/44700
44693,12h 3m,723,0,0,0,0,2022-01-06T01:17:10Z,2022-01-08T15:53:47Z,2d 14h 36m 37s,Kernix13,https://github.com/freeCodeCamp/freeCodeCamp/pull/44693
44688,42m,42,1,0,1,2,2022-01-05T13:56:27Z,2022-01-06T19:26:43Z,1d 5h 30m 16s,DarshanVaishya,https://github.com/freeCodeCamp/freeCodeCamp/pull/44688
44685,3h 12m,192,0,0,0,0,2022-01-05T10:48:52Z,2022-01-05T17:12:10Z,6h 23m 18s,gikf,https://github.com/freeCodeCamp/freeCodeCamp/pull/44685
44681,3h 36m,216,0,1,0,1,2022-01-05T01:20:24Z,2022-01-05T17:36:58Z,16h 16m 34s,Kernix13,https://github.com/freeCodeCamp/freeCodeCamp/pull/44681
44670,7h 49m,469,0,0,0,0,2022-01-04T11:59:55Z,2022-01-05T22:05:50Z,1d 10h 5m 55s,ojeytonwilliams,https://github.com/freeCodeCamp/freeCodeCamp/pull/44670
