Reviewer,PR Number,Review time (mins),Code Review Comments,PR Issue Comments,PR Review Comments,Total Comments,PR URL
ojeytonwilliams,PR 47885,0,1,1,1,3,https://github.com/freeCodeCamp/freeCodeCamp/pull/47885
ojeytonwilliams,PR 47508,0,0,0,0,0,https://github.com/freeCodeCamp/freeCodeCamp/pull/47508
ojeytonwilliams,PR 47369,60,0,0,0,0,https://github.com/freeCodeCamp/freeCodeCamp/pull/47369
ojeytonwilliams,PR 47362,353,0,0,0,0,https://github.com/freeCodeCamp/freeCodeCamp/pull/47362
ojeytonwilliams,PR 47071,1257,0,0,0,0,https://github.com/freeCodeCamp/freeCodeCamp/pull/47071
ojeytonwilliams,PR 46968,339,1,0,1,2,https://github.com/freeCodeCamp/freeCodeCamp/pull/46968
ojeytonwilliams,PR 46778,12,0,0,0,0,https://github.com/freeCodeCamp/freeCodeCamp/pull/46778
ojeytonwilliams,PR 46054,113,1,0,0,1,https://github.com/freeCodeCamp/freeCodeCamp/pull/46054
ojeytonwilliams,PR 45936,0,0,0,0,0,https://github.com/freeCodeCamp/freeCodeCamp/pull/45936
ojeytonwilliams,PR 45865,1783,0,3,0,3,https://github.com/freeCodeCamp/freeCodeCamp/pull/45865
ojeytonwilliams,PR 45587,7904,2,4,2,8,https://github.com/freeCodeCamp/freeCodeCamp/pull/45587
ojeytonwilliams,PR 45525,180,0,0,0,0,https://github.com/freeCodeCamp/freeCodeCamp/pull/45525
ojeytonwilliams,PR 45440,12,0,2,0,2,https://github.com/freeCodeCamp/freeCodeCamp/pull/45440
ojeytonwilliams,PR 45257,58,0,0,0,0,https://github.com/freeCodeCamp/freeCodeCamp/pull/45257
ojeytonwilliams,PR 45214,13605,56,0,4,60,https://github.com/freeCodeCamp/freeCodeCamp/pull/45214
ojeytonwilliams,PR 45167,0,2,1,1,4,https://github.com/freeCodeCamp/freeCodeCamp/pull/45167
ojeytonwilliams,PR 45078,120,1,0,0,1,https://github.com/freeCodeCamp/freeCodeCamp/pull/45078
ojeytonwilliams,PR 44994,3663,0,0,0,0,https://github.com/freeCodeCamp/freeCodeCamp/pull/44994
ojeytonwilliams,PR 44919,2070,2,0,1,3,https://github.com/freeCodeCamp/freeCodeCamp/pull/44919
ojeytonwilliams,PR 44692,267,0,0,0,0,https://github.com/freeCodeCamp/freeCodeCamp/pull/44692
