Reviewer,PR Number,Review time (mins),Code Review Comments,PR Issue Comments,PR Review Comments,Total Comments,PR URL
Sembauke,PR 48271,0,0,0,0,0,https://github.com/freeCodeCamp/freeCodeCamp/pull/48271
Sembauke,PR 47369,60,0,0,0,0,https://github.com/freeCodeCamp/freeCodeCamp/pull/47369
Sembauke,PR 47363,0,0,0,0,0,https://github.com/freeCodeCamp/freeCodeCamp/pull/47363
Sembauke,PR 47361,240,0,0,0,0,https://github.com/freeCodeCamp/freeCodeCamp/pull/47361
Sembauke,PR 47322,180,0,0,0,0,https://github.com/freeCodeCamp/freeCodeCamp/pull/47322
Sembauke,PR 47312,1090,0,0,0,0,https://github.com/freeCodeCamp/freeCodeCamp/pull/47312
Sembauke,PR 47306,0,0,0,0,0,https://github.com/freeCodeCamp/freeCodeCamp/pull/47306
Sembauke,PR 47133,480,0,0,0,0,https://github.com/freeCodeCamp/freeCodeCamp/pull/47133
Sembauke,PR 47071,1329,0,0,0,0,https://github.com/freeCodeCamp/freeCodeCamp/pull/47071
Sembauke,PR 47036,1306,0,0,0,0,https://github.com/freeCodeCamp/freeCodeCamp/pull/47036
Sembauke,PR 46993,1008,0,0,0,0,https://github.com/freeCodeCamp/freeCodeCamp/pull/46993
Sembauke,PR 46862,0,0,0,0,0,https://github.com/freeCodeCamp/freeCodeCamp/pull/46862
Sembauke,PR 45935,60,0,0,0,0,https://github.com/freeCodeCamp/freeCodeCamp/pull/45935
Sembauke,PR 45933,560,1,0,1,2,https://github.com/freeCodeCamp/freeCodeCamp/pull/45933
Sembauke,PR 45873,1502,0,0,0,0,https://github.com/freeCodeCamp/freeCodeCamp/pull/45873
Sembauke,PR 45782,2,0,0,0,0,https://github.com/freeCodeCamp/freeCodeCamp/pull/45782
Sembauke,PR 45568,3042,4,0,1,5,https://github.com/freeCodeCamp/freeCodeCamp/pull/45568
Sembauke,PR 45433,742,0,0,0,0,https://github.com/freeCodeCamp/freeCodeCamp/pull/45433
Sembauke,PR 45349,274,2,0,1,3,https://github.com/freeCodeCamp/freeCodeCamp/pull/45349
Sembauke,PR 45258,180,0,0,0,0,https://github.com/freeCodeCamp/freeCodeCamp/pull/45258
Sembauke,PR 45089,240,0,0,0,0,https://github.com/freeCodeCamp/freeCodeCamp/pull/45089
Sembauke,PR 45048,3205,2,0,0,2,https://github.com/freeCodeCamp/freeCodeCamp/pull/45048
Sembauke,PR 44868,242,0,0,0,0,https://github.com/freeCodeCamp/freeCodeCamp/pull/44868
Sembauke,PR 44741,0,0,0,0,0,https://github.com/freeCodeCamp/freeCodeCamp/pull/44741
