Reviewer,PR Number,Review time (mins),Code Review Comments,PR Issue Comments,PR Review Comments,Total Comments,PR URL
ieahleen,PR 47565,122,0,1,0,1,https://github.com/freeCodeCamp/freeCodeCamp/pull/47565
ieahleen,PR 47312,1090,0,0,0,0,https://github.com/freeCodeCamp/freeCodeCamp/pull/47312
ieahleen,PR 46839,0,0,0,0,0,https://github.com/freeCodeCamp/freeCodeCamp/pull/46839
ieahleen,PR 46838,0,0,0,0,0,https://github.com/freeCodeCamp/freeCodeCamp/pull/46838
ieahleen,PR 46676,0,0,0,0,0,https://github.com/freeCodeCamp/freeCodeCamp/pull/46676
ieahleen,PR 46610,110,0,0,0,0,https://github.com/freeCodeCamp/freeCodeCamp/pull/46610
ieahleen,PR 46529,12,0,0,0,0,https://github.com/freeCodeCamp/freeCodeCamp/pull/46529
ieahleen,PR 45336,178,0,0,0,0,https://github.com/freeCodeCamp/freeCodeCamp/pull/45336
ieahleen,PR 45048,3029,10,1,9,20,https://github.com/freeCodeCamp/freeCodeCamp/pull/45048
ieahleen,PR 44917,63,0,0,0,0,https://github.com/freeCodeCamp/freeCodeCamp/pull/44917
ieahleen,PR 44826,516,0,0,0,0,https://github.com/freeCodeCamp/freeCodeCamp/pull/44826
