Reviewer,PR Number,Review time (mins),Code Review Comments,PR Issue Comments,PR Review Comments,Total Comments,PR URL
moT01,PR 48297,660,0,0,0,0,https://github.com/freeCodeCamp/freeCodeCamp/pull/48297
moT01,PR 47811,60,1,1,1,3,https://github.com/freeCodeCamp/freeCodeCamp/pull/47811
moT01,PR 47807,519,0,0,0,0,https://github.com/freeCodeCamp/freeCodeCamp/pull/47807
moT01,PR 47595,0,0,0,0,0,https://github.com/freeCodeCamp/freeCodeCamp/pull/47595
moT01,PR 46878,0,0,0,0,0,https://github.com/freeCodeCamp/freeCodeCamp/pull/46878
moT01,PR 46624,199,0,0,0,0,https://github.com/freeCodeCamp/freeCodeCamp/pull/46624
moT01,PR 46515,26850,0,8,1,9,https://github.com/freeCodeCamp/freeCodeCamp/pull/46515
moT01,PR 46123,99,0,0,0,0,https://github.com/freeCodeCamp/freeCodeCamp/pull/46123
moT01,PR 45865,1925,4,1,2,7,https://github.com/freeCodeCamp/freeCodeCamp/pull/45865
moT01,PR 45858,385,0,0,0,0,https://github.com/freeCodeCamp/freeCodeCamp/pull/45858
moT01,PR 45782,1622,0,0,0,0,https://github.com/freeCodeCamp/freeCodeCamp/pull/45782
moT01,PR 45688,2630,0,0,0,0,https://github.com/freeCodeCamp/freeCodeCamp/pull/45688
moT01,PR 45568,4583,1,1,1,3,https://github.com/freeCodeCamp/freeCodeCamp/pull/45568
moT01,PR 45349,394,1,0,2,3,https://github.com/freeCodeCamp/freeCodeCamp/pull/45349
moT01,PR 45214,3759,0,2,1,3,https://github.com/freeCodeCamp/freeCodeCamp/pull/45214
moT01,PR 45146,3810,0,1,2,3,https://github.com/freeCodeCamp/freeCodeCamp/pull/45146
moT01,PR 45130,835,0,0,1,1,https://github.com/freeCodeCamp/freeCodeCamp/pull/45130
moT01,PR 44994,3775,0,0,0,0,https://github.com/freeCodeCamp/freeCodeCamp/pull/44994
moT01,PR 44919,5879,0,0,0,0,https://github.com/freeCodeCamp/freeCodeCamp/pull/44919
moT01,PR 44917,94,0,0,0,0,https://github.com/freeCodeCamp/freeCodeCamp/pull/44917
moT01,PR 44771,9065,0,1,0,1,https://github.com/freeCodeCamp/freeCodeCamp/pull/44771
