Reviewer,PR Number,Review time (mins),Code Review Comments,PR Issue Comments,PR Review Comments,Total Comments,PR URL
Sboonny,PR 48297,180,0,0,0,0,https://github.com/freeCodeCamp/freeCodeCamp/pull/48297
Sboonny,PR 48271,0,0,0,0,0,https://github.com/freeCodeCamp/freeCodeCamp/pull/48271
Sboonny,PR 47940,0,0,0,0,0,https://github.com/freeCodeCamp/freeCodeCamp/pull/47940
Sboonny,PR 47363,0,0,0,0,0,https://github.com/freeCodeCamp/freeCodeCamp/pull/47363
Sboonny,PR 47361,2446,0,0,0,0,https://github.com/freeCodeCamp/freeCodeCamp/pull/47361
Sboonny,PR 47306,0,0,0,0,0,https://github.com/freeCodeCamp/freeCodeCamp/pull/47306
Sboonny,PR 47130,60,0,0,0,0,https://github.com/freeCodeCamp/freeCodeCamp/pull/47130
Sboonny,PR 47036,5,0,0,0,0,https://github.com/freeCodeCamp/freeCodeCamp/pull/47036
Sboonny,PR 46993,964,1,0,1,2,https://github.com/freeCodeCamp/freeCodeCamp/pull/46993
Sboonny,PR 46862,0,0,0,0,0,https://github.com/freeCodeCamp/freeCodeCamp/pull/46862
Sboonny,PR 46839,0,0,0,0,0,https://github.com/freeCodeCamp/freeCodeCamp/pull/46839
Sboonny,PR 46838,0,0,0,0,0,https://github.com/freeCodeCamp/freeCodeCamp/pull/46838
Sboonny,PR 46778,6,0,0,0,0,https://github.com/freeCodeCamp/freeCodeCamp/pull/46778
Sboonny,PR 46676,0,0,0,0,0,https://github.com/freeCodeCamp/freeCodeCamp/pull/46676
Sboonny,PR 46641,0,0,0,0,0,https://github.com/freeCodeCamp/freeCodeCamp/pull/46641
Sboonny,PR 46624,15,0,0,0,0,https://github.com/freeCodeCamp/freeCodeCamp/pull/46624
Sboonny,PR 46610,120,0,0,0,0,https://github.com/freeCodeCamp/freeCodeCamp/pull/46610
Sboonny,PR 46529,93,0,0,0,0,https://github.com/freeCodeCamp/freeCodeCamp/pull/46529
