Reviewer,PR Number,Review time (mins),Code Review Comments,PR Issue Comments,PR Review Comments,Total Comments,PR URL
scissorsneedfoodtoo,PR 47385,689,0,1,0,1,https://github.com/freeCodeCamp/freeCodeCamp/pull/47385
scissorsneedfoodtoo,PR 47159,1734,3,1,1,5,https://github.com/freeCodeCamp/freeCodeCamp/pull/47159
scissorsneedfoodtoo,PR 47133,480,2,0,2,4,https://github.com/freeCodeCamp/freeCodeCamp/pull/47133
scissorsneedfoodtoo,PR 45873,23,0,0,0,0,https://github.com/freeCodeCamp/freeCodeCamp/pull/45873
