PR#,Review Time,Review Time (mins),Code Review Comments,PR Issue Comments,PR Review Comments,Total Comments,PR Ready On,PR Merged On,Ready->Merge,PR Author,PR URL
48249,0s,0,0,0,0,0,2022-10-25T12:12:30Z,2022-10-26T09:07:06Z,20h 54m 36s,camperbot,https://github.com/freeCodeCamp/freeCodeCamp/pull/48249
47977,0s,0,0,0,0,0,2022-10-11T12:25:18Z,2022-10-11T13:08:33Z,43m 15s,camperbot,https://github.com/freeCodeCamp/freeCodeCamp/pull/47977
47976,0s,0,0,0,0,0,2022-10-11T12:11:55Z,2022-10-11T13:09:15Z,57m 20s,camperbot,https://github.com/freeCodeCamp/freeCodeCamp/pull/47976
47580,0s,0,0,0,0,0,2022-09-21T12:11:18Z,2022-09-21T14:16:14Z,2h 4m 56s,camperbot,https://github.com/freeCodeCamp/freeCodeCamp/pull/47580
47511,7m,7,0,0,0,0,2022-09-13T12:11:30Z,2022-09-13T17:21:59Z,5h 10m 29s,camperbot,https://github.com/freeCodeCamp/freeCodeCamp/pull/47511
47414,0s,0,0,0,0,0,2022-08-30T12:24:28Z,2022-08-30T12:54:28Z,30m,camperbot,https://github.com/freeCodeCamp/freeCodeCamp/pull/47414
47413,0s,0,0,0,0,0,2022-08-30T12:11:35Z,2022-08-30T12:55:05Z,43m 30s,camperbot,https://github.com/freeCodeCamp/freeCodeCamp/pull/47413
47408,11m,11,0,0,0,0,2022-08-29T12:09:44Z,2022-08-29T14:12:21Z,2h 2m 37s,camperbot,https://github.com/freeCodeCamp/freeCodeCamp/pull/47408
47355,10m 38s,10,0,0,0,0,2022-08-22T13:02:40Z,2022-08-22T14:17:44Z,1h 15m 4s,camperbot,https://github.com/freeCodeCamp/freeCodeCamp/pull/47355
47353,9m,9,0,0,0,0,2022-08-22T12:10:39Z,2022-08-22T14:18:50Z,2h 8m 11s,camperbot,https://github.com/freeCodeCamp/freeCodeCamp/pull/47353
47330,5h 31m,331,0,0,0,0,2022-08-19T12:59:36Z,2022-08-19T18:53:29Z,5h 53m 53s,camperbot,https://github.com/freeCodeCamp/freeCodeCamp/pull/47330
47319,5m 40s,5,0,0,0,0,2022-08-18T13:01:04Z,2022-08-18T18:15:11Z,5h 14m 7s,camperbot,https://github.com/freeCodeCamp/freeCodeCamp/pull/47319
47228,1h 6m,66,0,0,0,0,2022-08-09T12:59:32Z,2022-08-09T18:35:16Z,5h 35m 44s,camperbot,https://github.com/freeCodeCamp/freeCodeCamp/pull/47228
47227,1h 5m,65,0,0,0,0,2022-08-09T12:25:07Z,2022-08-10T06:56:56Z,18h 31m 49s,camperbot,https://github.com/freeCodeCamp/freeCodeCamp/pull/47227
47217,2m,2,0,0,0,0,2022-08-08T12:59:42Z,2022-08-08T15:45:30Z,2h 45m 48s,camperbot,https://github.com/freeCodeCamp/freeCodeCamp/pull/47217
47113,0s,0,0,0,0,0,2022-08-01T12:11:11Z,2022-08-01T16:23:40Z,4h 12m 29s,camperbot,https://github.com/freeCodeCamp/freeCodeCamp/pull/47113
47081,3h 15m 59s,195,0,0,0,0,2022-07-29T13:01:49Z,2022-07-29T16:22:07Z,3h 20m 18s,camperbot,https://github.com/freeCodeCamp/freeCodeCamp/pull/47081
47032,8h,480,0,0,0,0,2022-07-25T12:59:50Z,2022-07-26T08:40:30Z,19h 40m 40s,camperbot,https://github.com/freeCodeCamp/freeCodeCamp/pull/47032
46954,21m 16s,21,0,0,0,0,2022-07-19T13:01:40Z,2022-07-19T14:45:53Z,1h 44m 13s,camperbot,https://github.com/freeCodeCamp/freeCodeCamp/pull/46954
46953,21m,21,0,0,0,0,2022-07-19T12:24:24Z,2022-07-19T14:44:09Z,2h 19m 45s,camperbot,https://github.com/freeCodeCamp/freeCodeCamp/pull/46953
46908,1h 37m 50s,97,0,0,0,0,2022-07-15T13:08:57Z,2022-07-16T07:33:44Z,18h 24m 47s,ieahleen,https://github.com/freeCodeCamp/freeCodeCamp/pull/46908
46872,20m 37s,20,0,0,0,0,2022-07-12T13:01:37Z,2022-07-12T14:20:27Z,1h 18m 50s,camperbot,https://github.com/freeCodeCamp/freeCodeCamp/pull/46872
46871,0s,0,0,0,0,0,2022-07-12T12:09:42Z,2022-07-12T14:18:43Z,2h 9m 1s,camperbot,https://github.com/freeCodeCamp/freeCodeCamp/pull/46871
46850,12m,12,0,0,0,0,2022-07-11T12:58:54Z,2022-07-12T11:56:03Z,22h 57m 9s,camperbot,https://github.com/freeCodeCamp/freeCodeCamp/pull/46850
46848,5m,5,0,0,0,0,2022-07-11T12:11:43Z,2022-07-11T13:25:31Z,1h 13m 48s,camperbot,https://github.com/freeCodeCamp/freeCodeCamp/pull/46848
46808,4h 24m,264,0,0,0,0,2022-07-08T13:59:52Z,2022-07-08T18:23:53Z,4h 24m 1s,Dario-DC,https://github.com/freeCodeCamp/freeCodeCamp/pull/46808
46805,5h 23m,323,0,0,0,0,2022-07-08T12:09:25Z,2022-07-08T18:40:43Z,6h 31m 18s,camperbot,https://github.com/freeCodeCamp/freeCodeCamp/pull/46805
46802,0s,0,0,0,0,0,2022-07-08T11:30:55Z,2022-07-08T13:35:27Z,2h 4m 32s,ieahleen,https://github.com/freeCodeCamp/freeCodeCamp/pull/46802
46788,1h 53m,113,0,0,0,0,2022-07-07T12:58:26Z,2022-07-07T14:53:04Z,1h 54m 38s,camperbot,https://github.com/freeCodeCamp/freeCodeCamp/pull/46788
46786,0s,0,0,0,0,0,2022-07-07T12:18:41Z,2022-07-07T14:12:09Z,1h 53m 28s,camperbot,https://github.com/freeCodeCamp/freeCodeCamp/pull/46786
46762,0s,0,0,0,0,0,2022-07-05T12:09:10Z,2022-07-05T13:19:37Z,1h 10m 27s,camperbot,https://github.com/freeCodeCamp/freeCodeCamp/pull/46762
46757,4h 6m 9s,246,0,0,0,0,2022-07-04T13:01:09Z,2022-07-04T17:07:30Z,4h 6m 21s,camperbot,https://github.com/freeCodeCamp/freeCodeCamp/pull/46757
46756,4h 5m,245,0,0,0,0,2022-07-04T12:09:48Z,2022-07-04T17:05:19Z,4h 55m 31s,camperbot,https://github.com/freeCodeCamp/freeCodeCamp/pull/46756
46733,6m,6,0,0,0,0,2022-07-01T12:58:22Z,2022-07-01T13:41:08Z,42m 46s,camperbot,https://github.com/freeCodeCamp/freeCodeCamp/pull/46733
46731,4m,4,0,0,0,0,2022-07-01T12:09:54Z,2022-07-01T13:15:46Z,1h 5m 52s,camperbot,https://github.com/freeCodeCamp/freeCodeCamp/pull/46731
46725,1h 31m,91,0,0,0,0,2022-06-30T13:04:19Z,2022-06-30T15:24:09Z,2h 19m 50s,camperbot,https://github.com/freeCodeCamp/freeCodeCamp/pull/46725
46724,1h 33m,93,0,0,0,0,2022-06-30T12:32:07Z,2022-06-30T15:25:34Z,2h 53m 27s,camperbot,https://github.com/freeCodeCamp/freeCodeCamp/pull/46724
46723,1h 32m,92,0,0,0,0,2022-06-30T12:10:37Z,2022-06-30T15:22:35Z,3h 11m 58s,camperbot,https://github.com/freeCodeCamp/freeCodeCamp/pull/46723
46693,7m,7,0,0,0,0,2022-06-28T12:59:55Z,2022-06-28T13:30:45Z,30m 50s,camperbot,https://github.com/freeCodeCamp/freeCodeCamp/pull/46693
46682,1m,1,0,0,0,0,2022-06-27T12:59:53Z,2022-06-27T13:55:35Z,55m 42s,camperbot,https://github.com/freeCodeCamp/freeCodeCamp/pull/46682
46681,0s,0,0,0,0,0,2022-06-27T12:24:30Z,2022-06-27T12:46:18Z,21m 48s,camperbot,https://github.com/freeCodeCamp/freeCodeCamp/pull/46681
46622,0s,0,0,0,0,0,2022-06-22T12:57:35Z,2022-06-22T13:17:46Z,20m 11s,camperbot,https://github.com/freeCodeCamp/freeCodeCamp/pull/46622
46620,0s,0,0,0,0,0,2022-06-22T12:08:41Z,2022-06-22T12:52:48Z,44m 7s,camperbot,https://github.com/freeCodeCamp/freeCodeCamp/pull/46620
46602,11m,11,0,0,0,0,2022-06-21T12:58:06Z,2022-06-21T15:00:08Z,2h 2m 2s,camperbot,https://github.com/freeCodeCamp/freeCodeCamp/pull/46602
46601,9m,9,0,0,0,0,2022-06-21T12:31:47Z,2022-06-21T14:14:03Z,1h 42m 16s,camperbot,https://github.com/freeCodeCamp/freeCodeCamp/pull/46601
46600,8m,8,0,0,0,0,2022-06-21T12:09:32Z,2022-06-21T14:21:40Z,2h 12m 8s,camperbot,https://github.com/freeCodeCamp/freeCodeCamp/pull/46600
46567,4d 9h 12m,6312,0,0,0,0,2022-06-19T14:46:50Z,2022-07-06T19:40:55Z,17d 4h 54m 5s,sidemt,https://github.com/freeCodeCamp/freeCodeCamp/pull/46567
46508,4m,4,0,0,0,0,2022-06-15T12:57:58Z,2022-06-15T14:11:40Z,1h 13m 42s,camperbot,https://github.com/freeCodeCamp/freeCodeCamp/pull/46508
46506,0s,0,0,0,0,0,2022-06-15T12:09:05Z,2022-06-15T12:44:14Z,35m 9s,camperbot,https://github.com/freeCodeCamp/freeCodeCamp/pull/46506
46498,37m,37,0,0,0,0,2022-06-14T12:57:22Z,2022-06-14T17:15:11Z,4h 17m 49s,camperbot,https://github.com/freeCodeCamp/freeCodeCamp/pull/46498
46496,0s,0,0,0,0,0,2022-06-14T12:24:23Z,2022-06-14T15:39:31Z,3h 15m 8s,camperbot,https://github.com/freeCodeCamp/freeCodeCamp/pull/46496
46441,1m,1,0,0,0,0,2022-06-10T12:59:21Z,2022-06-10T13:32:49Z,33m 28s,camperbot,https://github.com/freeCodeCamp/freeCodeCamp/pull/46441
46439,1m,1,0,0,0,0,2022-06-10T12:31:52Z,2022-06-10T14:04:24Z,1h 32m 32s,camperbot,https://github.com/freeCodeCamp/freeCodeCamp/pull/46439
46438,0s,0,0,0,0,0,2022-06-10T12:09:40Z,2022-06-10T14:03:48Z,1h 54m 8s,camperbot,https://github.com/freeCodeCamp/freeCodeCamp/pull/46438
46420,3h 44m,224,0,0,0,0,2022-06-09T12:24:48Z,2022-06-09T20:33:50Z,8h 9m 2s,camperbot,https://github.com/freeCodeCamp/freeCodeCamp/pull/46420
46419,3h 45m,225,0,0,0,0,2022-06-09T12:10:51Z,2022-06-09T20:36:26Z,8h 25m 35s,camperbot,https://github.com/freeCodeCamp/freeCodeCamp/pull/46419
46403,1h 53m 19s,113,0,0,0,0,2022-06-08T13:17:42Z,2022-06-08T17:13:29Z,3h 55m 47s,camperbot,https://github.com/freeCodeCamp/freeCodeCamp/pull/46403
46402,0s,0,0,0,0,0,2022-06-08T12:27:41Z,2022-06-08T17:13:46Z,4h 46m 5s,camperbot,https://github.com/freeCodeCamp/freeCodeCamp/pull/46402
46382,3h 58m 26s,238,0,0,0,0,2022-06-07T13:03:00Z,2022-06-07T17:06:49Z,4h 3m 49s,camperbot,https://github.com/freeCodeCamp/freeCodeCamp/pull/46382
46381,4h,240,0,0,0,0,2022-06-07T12:24:40Z,2022-06-07T17:00:36Z,4h 35m 56s,camperbot,https://github.com/freeCodeCamp/freeCodeCamp/pull/46381
46311,2m 9s,2,0,0,0,0,2022-06-03T13:00:06Z,2022-06-03T16:04:57Z,3h 4m 51s,camperbot,https://github.com/freeCodeCamp/freeCodeCamp/pull/46311
46310,0s,0,0,0,0,0,2022-06-03T12:08:44Z,2022-06-03T16:05:18Z,3h 56m 34s,camperbot,https://github.com/freeCodeCamp/freeCodeCamp/pull/46310
46293,2h 36m,156,0,0,0,0,2022-06-02T12:25:33Z,2022-06-02T15:36:46Z,3h 11m 13s,camperbot,https://github.com/freeCodeCamp/freeCodeCamp/pull/46293
46269,6m 39s,6,0,0,0,0,2022-06-01T13:07:40Z,2022-06-01T14:10:25Z,1h 2m 45s,camperbot,https://github.com/freeCodeCamp/freeCodeCamp/pull/46269
46268,0s,0,0,0,0,0,2022-06-01T12:28:50Z,2022-06-01T14:09:15Z,1h 40m 25s,camperbot,https://github.com/freeCodeCamp/freeCodeCamp/pull/46268
46250,6m,6,0,0,0,0,2022-05-31T12:59:11Z,2022-05-31T14:07:07Z,1h 7m 56s,camperbot,https://github.com/freeCodeCamp/freeCodeCamp/pull/46250
46249,0s,0,0,0,0,0,2022-05-31T12:24:18Z,2022-05-31T13:03:49Z,39m 31s,camperbot,https://github.com/freeCodeCamp/freeCodeCamp/pull/46249
46161,1h 11m,71,0,0,0,0,2022-05-26T12:59:44Z,2022-05-26T16:20:33Z,3h 20m 49s,camperbot,https://github.com/freeCodeCamp/freeCodeCamp/pull/46161
46149,22m 58s,22,0,0,0,0,2022-05-25T13:01:01Z,2022-05-26T07:17:46Z,18h 16m 45s,camperbot,https://github.com/freeCodeCamp/freeCodeCamp/pull/46149
46133,1h 44m,104,0,0,0,0,2022-05-24T12:57:56Z,2022-05-24T17:26:11Z,4h 28m 15s,camperbot,https://github.com/freeCodeCamp/freeCodeCamp/pull/46133
46069,1m,1,0,0,0,0,2022-05-19T12:58:04Z,2022-05-19T13:36:13Z,38m 9s,camperbot,https://github.com/freeCodeCamp/freeCodeCamp/pull/46069
46068,0s,0,0,0,0,0,2022-05-19T12:24:58Z,2022-05-19T14:16:46Z,1h 51m 48s,camperbot,https://github.com/freeCodeCamp/freeCodeCamp/pull/46068
46045,46m,46,0,0,0,0,2022-05-18T12:59:47Z,2022-05-18T15:45:25Z,2h 45m 38s,camperbot,https://github.com/freeCodeCamp/freeCodeCamp/pull/46045
46043,45m,45,0,0,0,0,2022-05-18T12:09:37Z,2022-05-18T15:44:40Z,3h 35m 3s,camperbot,https://github.com/freeCodeCamp/freeCodeCamp/pull/46043
46012,3m 57s,3,0,0,0,0,2022-05-17T13:12:37Z,2022-05-17T15:58:08Z,2h 45m 31s,camperbot,https://github.com/freeCodeCamp/freeCodeCamp/pull/46012
46011,0s,0,0,0,0,0,2022-05-17T12:48:15Z,2022-05-17T13:54:56Z,1h 6m 41s,camperbot,https://github.com/freeCodeCamp/freeCodeCamp/pull/46011
46010,0s,0,0,0,0,0,2022-05-17T12:10:46Z,2022-05-17T15:58:53Z,3h 48m 7s,camperbot,https://github.com/freeCodeCamp/freeCodeCamp/pull/46010
45905,1h 53m 43s,113,0,0,0,0,2022-05-10T13:00:43Z,2022-05-10T17:56:45Z,4h 56m 2s,camperbot,https://github.com/freeCodeCamp/freeCodeCamp/pull/45905
45904,1h 53m,113,0,0,1,1,2022-05-10T12:29:31Z,2022-05-10T17:57:07Z,5h 27m 36s,camperbot,https://github.com/freeCodeCamp/freeCodeCamp/pull/45904
45903,0s,0,0,0,0,0,2022-05-10T12:15:07Z,2022-05-10T17:57:51Z,5h 42m 44s,camperbot,https://github.com/freeCodeCamp/freeCodeCamp/pull/45903
45893,8h,480,0,0,0,0,2022-05-09T13:00:51Z,2022-05-10T01:11:48Z,12h 10m 57s,camperbot,https://github.com/freeCodeCamp/freeCodeCamp/pull/45893
45892,8h,480,0,0,0,0,2022-05-09T12:14:46Z,2022-05-10T01:10:54Z,12h 56m 8s,camperbot,https://github.com/freeCodeCamp/freeCodeCamp/pull/45892
45864,4h 19m,259,0,0,1,1,2022-05-04T12:57:16Z,2022-05-06T17:19:43Z,2d 4h 22m 27s,camperbot,https://github.com/freeCodeCamp/freeCodeCamp/pull/45864
45863,0s,0,0,0,0,0,2022-05-04T12:12:54Z,2022-05-06T14:42:25Z,2d 2h 29m 31s,camperbot,https://github.com/freeCodeCamp/freeCodeCamp/pull/45863
45792,0s,0,0,0,0,0,2022-04-27T12:13:41Z,2022-04-27T14:14:40Z,2h 0m 59s,camperbot,https://github.com/freeCodeCamp/freeCodeCamp/pull/45792
45682,4h 16m,256,0,0,0,0,2022-04-14T12:55:13Z,2022-04-15T17:16:36Z,1d 4h 21m 23s,camperbot,https://github.com/freeCodeCamp/freeCodeCamp/pull/45682
45681,4h 14m,254,0,0,0,0,2022-04-14T12:24:01Z,2022-04-15T17:14:15Z,1d 4h 50m 14s,camperbot,https://github.com/freeCodeCamp/freeCodeCamp/pull/45681
45528,0s,0,0,0,0,0,2022-03-25T12:08:24Z,2022-03-25T16:36:21Z,4h 27m 57s,camperbot,https://github.com/freeCodeCamp/freeCodeCamp/pull/45528
45520,1h 17m,77,0,0,0,0,2022-03-24T12:52:29Z,2022-03-24T14:17:10Z,1h 24m 41s,camperbot,https://github.com/freeCodeCamp/freeCodeCamp/pull/45520
45518,1h 17m,77,0,0,0,0,2022-03-24T12:13:21Z,2022-03-24T14:17:57Z,2h 4m 36s,camperbot,https://github.com/freeCodeCamp/freeCodeCamp/pull/45518
45514,0s,0,0,0,0,0,2022-03-23T12:24:01Z,2022-03-23T13:30:55Z,1h 6m 54s,camperbot,https://github.com/freeCodeCamp/freeCodeCamp/pull/45514
45513,0s,0,0,0,0,0,2022-03-23T12:13:12Z,2022-03-23T13:29:18Z,1h 16m 6s,camperbot,https://github.com/freeCodeCamp/freeCodeCamp/pull/45513
45503,8h,480,0,0,0,0,2022-03-22T12:24:17Z,2022-03-23T03:44:13Z,15h 19m 56s,camperbot,https://github.com/freeCodeCamp/freeCodeCamp/pull/45503
45502,8h,480,0,0,0,0,2022-03-22T12:08:28Z,2022-03-23T03:42:55Z,15h 34m 27s,camperbot,https://github.com/freeCodeCamp/freeCodeCamp/pull/45502
45490,0s,0,0,0,0,0,2022-03-21T12:24:39Z,2022-03-21T12:59:04Z,34m 25s,camperbot,https://github.com/freeCodeCamp/freeCodeCamp/pull/45490
45489,0s,0,0,0,0,0,2022-03-21T12:13:15Z,2022-03-21T14:09:19Z,1h 56m 4s,camperbot,https://github.com/freeCodeCamp/freeCodeCamp/pull/45489
45256,0s,0,0,0,0,0,2022-02-25T12:53:25Z,2022-02-25T13:20:33Z,27m 8s,camperbot,https://github.com/freeCodeCamp/freeCodeCamp/pull/45256
45255,0s,0,0,0,0,0,2022-02-25T12:25:41Z,2022-02-25T12:50:33Z,24m 52s,camperbot,https://github.com/freeCodeCamp/freeCodeCamp/pull/45255
45122,0s,0,0,0,0,0,2022-02-15T12:25:17Z,2022-02-15T16:04:07Z,3h 38m 50s,camperbot,https://github.com/freeCodeCamp/freeCodeCamp/pull/45122
45121,0s,0,0,0,0,0,2022-02-15T12:09:50Z,2022-02-15T16:03:03Z,3h 53m 13s,camperbot,https://github.com/freeCodeCamp/freeCodeCamp/pull/45121
44805,0s,0,0,0,0,0,2022-01-17T12:52:31Z,2022-01-17T14:35:15Z,1h 42m 44s,camperbot,https://github.com/freeCodeCamp/freeCodeCamp/pull/44805
44776,0s,0,0,0,0,0,2022-01-14T12:25:23Z,2022-01-14T17:41:57Z,5h 16m 34s,camperbot,https://github.com/freeCodeCamp/freeCodeCamp/pull/44776
44750,0s,0,0,0,0,0,2022-01-11T12:52:39Z,2022-01-11T16:57:22Z,4h 4m 43s,camperbot,https://github.com/freeCodeCamp/freeCodeCamp/pull/44750
44748,0s,0,0,0,0,0,2022-01-11T12:25:39Z,2022-01-11T12:42:12Z,16m 33s,camperbot,https://github.com/freeCodeCamp/freeCodeCamp/pull/44748
44738,0s,0,0,0,0,0,2022-01-10T12:04:27Z,2022-01-10T13:05:42Z,1h 1m 15s,camperbot,https://github.com/freeCodeCamp/freeCodeCamp/pull/44738
44733,0s,0,0,0,0,0,2022-01-09T12:48:53Z,2022-01-09T14:06:04Z,1h 17m 11s,camperbot,https://github.com/freeCodeCamp/freeCodeCamp/pull/44733
44732,0s,0,0,0,0,0,2022-01-09T12:04:16Z,2022-01-09T14:05:00Z,2h 0m 44s,camperbot,https://github.com/freeCodeCamp/freeCodeCamp/pull/44732
44671,0s,0,0,0,0,0,2022-01-04T12:48:37Z,2022-01-04T14:15:51Z,1h 27m 14s,camperbot,https://github.com/freeCodeCamp/freeCodeCamp/pull/44671
